Date debut;Date fin;Titre compétition;Ville;Code structure;Club organisateur;Code region;Departement;Discipline;Type;Saison;Mail;Site web;Lieu;Adresse;CP;Ville compétition;Long;Lat;Mandat;Etat;EprvId
01/11/2026;01/11/2026;SALLE NOVEMBRE SELLES SUR CHER;SELLES SUR CHER;0441094;LES ARCHERS SELLOIS;CR04;410;Tir à 18m;individuel;2027;picard.lionel.lp@gmail.com;https://les-archers-sellois.jimdo.com/;Gymnase 1;Rue des pressigny;41130;SELLES SUR CHER;1.54401;47.2771;;Validée;78109
01/11/2026;01/11/2026;SALLE NOVEMBRE SELLES SUR CHER;SELLES SUR CHER;0441094;LES ARCHERS SELLOIS;CR04;410;Para-tir à l'arc à 18m;individuel;2027;;;;;;;;;;Validée;78110
01/11/2026;01/11/2026;CONCOURS INDIVIDUEL QUALIFICATIF;QUEND PLAGE;0780309;L'ETINCELLE MARQUENTERRE - QUEND  LOISIRS CULTURE;CR07;800;Tir Nature;individuel;2027;jean.w.courtoy@orange.fr;;Cinéma Pax;Place Charles de Gaulle;80120;QUEND;1.54863;50.3237;;Validée;79389
01/11/2026;01/11/2026;TIR NATURE;SAINT MARTIN DE LAYE;1033098;ASL TIR A L ARC;CR10;330;Tir Nature;individuel;2027;presidentasl33500@gmail.com;;PARCOURS DE SAINT MARTIN DE LAYE;460 Route de Gaudard;33910;ST MARTIN DE LAYE;-0.22797;45.02504;;Validée;78068
01/11/2026;01/11/2026;TIR À 18M OLORON STE MARIE;OLORON STE MARIE;1064168;LES ARCS DU HAUT BEARN;CR10;640;Tir à 18m;individuel;2027;yves.weber@neuf.fr;https://www.lesarcsduhautbearn-site.fr;Salle Laulhère;28 Rue Rocgrand;64400;OLORON STE MARIE;-0.60923;43.19419;;Validée;77720
01/11/2026;01/11/2026;TIR À 18M - MONTPELLIER;MONTPELLIER;1134139;MONTPELLIER ARC CLUB;CR11;340;Tir à 18m;individuel;2027;steph.petroff.mac@gmail.com;http://www.montpellier-arc-club.com;Gymnase Françoise Spinosi;Rue Pierre Gilles de Gennes;34000;MONTPELLIER;3.91814;43.59858;;Validée;78589
01/11/2026;01/11/2026;TIR À 18M - MONTPELLIER;MONTPELLIER;1134139;MONTPELLIER ARC CLUB;CR11;340;Para-tir à l'arc à 18m;individuel;2027;;;;;;;;;;Validée;78590
01/11/2026;01/11/2026;2 FOIS 18M SELECTIF CHAMPIONNAT DE FRANCE;REZÉ;1244018;LA FLECHE RAGONNAISE;CR12;440;Tir à 18m;individuel;2027;presidence.flecheragonnaise@gmail.com;http://laflecheragonnaise.jimdo.com;gymnase Crétual;12 Rue des Déportés;44400;REZE;-1.54677;47.17846;;Validée;77934
01/11/2026;01/11/2026;2 FOIS 18M SELECTIF CHAMPIONNAT DE FRANCE;REZÉ;1244018;LA FLECHE RAGONNAISE;CR12;440;Para-tir à l'arc à 18m;individuel;2027;;;;;;;;;;Validée;77935
01/11/2026;01/11/2026;SALLE 2027;PONTCHATEAU;1244019;COMPAGNIE DES ARCHERS DU BRIVET;CR12;440;Tir à 18m;individuel;2027;greg.guibert44@free.fr;https://lesarchersdubrivet.jimdofree.com/;Gymnase du Landas;Route de St-Roch;44160;PONTCHATEAU;;;;Validée;77428
01/11/2026;01/11/2026;SALLE 2027;PONTCHATEAU;1244019;COMPAGNIE DES ARCHERS DU BRIVET;CR12;440;Para-tir à l'arc à 18m;individuel;2027;;;;;;;;;;Validée;77429
01/11/2026;01/11/2026;NATURE YELLOH VILLAGE;VEDENE;1384131;COMPAGNIE D'ARC DE VEDENE;CR13;840;Tir Nature;individuel;2027;cie.arc.vedene@gmail.com;http://www.ciearc-vedene.net;CAMPING YELLOH VILLAGE;"Route D&apos;ENTRAIGUES";84270;VEDENE;;;;Validée;77870
03/10/2026;04/10/2026;"COUPE D&apos;EUROPE DES CLUBS";RUSE - BULGARIE;0;Fédération Française de Tir à l'Arc;;;Tir à l'Arc Extérieur;individuel;2026;ffta@ffta.fr;https://www.ffta.fr;;;;;;;;Validée;74815
03/10/2026;04/10/2026;CONCOURS 3D SÉLECTIF CHAMPIONNAT DE FRANCE 2026;BARRAUX;0138082;1 CIE ARC PONTCHARRA;CR01;380;Tir 3D;individuel;2027;pontcharc@hotmail.fr;https://pontcharc5.wixsite.com/1cie-arc-pontcharra;FORT BARRAUX;Chemin Fort Barraux;38530;BARRAUX;5.98478;45.43394;;Validée;78035
03/10/2026;04/10/2026;TIR À 18M EN EXTÉRIEUR;PLEUMELEUC;0335088;ARCHERS DE BROCELIANDE;CR03;350;Tir à 18m;individuel;2027;arcelia@archers-broceliande.com;http://www.archers-broceliande.com;"Arc&apos;Élia";38 Rue rue Bédée;35137;PLEUMELEUC;-1.92976;48.18217;;Validée;78910
03/10/2026;04/10/2026;TIR À 18 M;ARZAL;0356120;ARCHERS D'VILAINE;CR03;560;Tir à 18m;individuel;2027;roynicolas@live.fr;http://archers-dvilaine-arzal.clubeo.com;gymnase michel lechesne;Voie complexe sportif michel lechesne;56190;ARZAL;;;;Validée;78322
03/10/2026;03/10/2026;MINI FOUGERES 2026;FOUGERES;0335060;COMPAGNIE D'ARC DE COIGNY;CR03;350;Tir à 18m;individuel;2027;ciecoigny@gmail.com;https://archerscoigny.sportsregions.fr/;ATELIERS DES FRERES DEVERIA;9 Rue DES FRERES DEVERIA;35300;FOUGERES;-1.19048;48.34829;;Validée;77852
03/10/2026;03/10/2026;TIR CAMPAGNE LIFFRE;LIFFRE;0335073;LES ARCHERS DE LIFFRE;CR03;350;Tir en Campagne;individuel;2027;accueil@lesarchersdeliffre.onmicrosoft.com;http://lesarchersdeliffre.jimdo.com/;ESPACE SPORTIF LA CROISETTE;Impasse LA CROISETTE;35340;LIFFRE;-1.5202;48.217;https://extranet.ffta.fr/medias/documents_epreuves/110bce856ec258.pdf;Validée;77275
03/10/2026;04/10/2026;CAMPAGNE DU HAUT KŒNIGSBOURG;ORSCHWILLER;0668179;COMPAGNONS DU HOHLANDSBOURG;CR06;680;Tir en Campagne;individuel;2027;hk.campagne@gmail.com;;Chateau du haut Koenigsburg;Voie D159;67600;ORSCHWILLER;7.34627;48.24938;https://extranet.ffta.fr/medias/documents_epreuves/110ac1a235f60d.pdf;Validée;79760
03/10/2026;04/10/2026;TIR 12H DES 30ANS DE AMO;ARS SUR MOSELLE;0657130;ARS SUR MOSELLE OLYMPIQUE;CR06;570;Loisirs Confirmé;uniquement équipe;2027;lorenzonster@gmail.com;https://www.amotiralarc.fr/;Gymnase Stéphane Susung;Place Pilatre de rozier;57130;ARS SUR MOSELLE;6.06607;49.07799;;Validée;78585
03/10/2026;04/10/2026;TIR EN SALLE 18M HIRSON;HIRSON;0702085;LES ARCHERS DES 3 RIVIERES - HIRSON;CR07;020;Tir à 18m;individuel;2027;bizeau.stephane1@gmail.com;;Salle Lichel Carpentier;Rue du Petit Taillis;02500;HIRSON;4.09342;49.92203;https://extranet.ffta.fr/medias/documents_epreuves/110b1a610e83f5.pdf;Validée;77299
03/10/2026;03/10/2026;LES 12 HEURES D’ONNAING (AMICALE);ONNAING;0759345;LA FLÈCHE ONNAINGEOISE;CR07;590;Tir à 18m;par équipe;2027;;;;;;;;;;Validée;79488
03/10/2026;03/10/2026;OCTOBRE ROSE;MARLY LA VILLE;0895282;CIE D'ARC DE MARLY LA VILLE;CR08;950;Loisirs Débutant et confirmé;uniquement équipe;2027;capitaine@cie-arc-marlylaville.fr;http://cie-arc-marlylaville.fr;COSEC;Rue 64 Rue Serge Laverdure;95670;MARLY LA VILLE;2.50238;49.08814;;Validée;79035
03/10/2026;04/10/2026;CONCOURS EN SALLE 2X18M;CARENTAN-LES-MARAIS;0950073;LES ARCHERS DU MARAIS;CR09;500;Para-tir à l'arc à 18m;individuel;2027;;;;;;;;;;Validée;79020
03/10/2026;04/10/2026;CONCOURS EN SALLE 2X18M;CARENTAN-LES-MARAIS;0950073;LES ARCHERS DU MARAIS;CR09;500;Tir à 18m;individuel;2027;archers-du-marais@hotmail.fr;http://lesarchersdumarais.e-monsite.com;Gymnase Gambetta;Rue du gibet;50500;CARENTAN;-1.25395;49.30138;;Validée;79019
03/10/2026;04/10/2026;TOURNOI DE ROUEN;ROUEN;0976124;ARC ROUEN CLUB;CR09;760;Para-tir à l'arc à 18m;individuel;2027;;;;;;;;;;Validée;77346
03/10/2026;04/10/2026;TOURNOI DE ROUEN;ROUEN;0976124;ARC ROUEN CLUB;CR09;760;Tir à 18m;individuel;2027;presidence.arcrouenclub@gmail.com;http://arc-rouen-club.jimdofree.com/;ESPACE PETITE BOUVERIE;Allée PIERRE DE COUBERTIN;76000;ROUEN;;;;Validée;77345
03/10/2026;03/10/2026;TIR SALLE;AIGUILLON;1047140;CLUB ARCHERS AIGUILLONNAIS;CR10;470;Tir à 18m;individuel;2027;cathylarrieu@aol.com;3 résidence la cibadere;GYMNASE MARCEL DURAND;2 Rue 19 MARS 1962;47190;AIGUILLON;0.34428;44.28992;;Validée;79251
03/10/2026;04/10/2026;TIR EN CAMPAGNE AZUR;AZUR;1040125;ARCHERS D'AZUR;CR10;400;Tir en Campagne;individuel;2027;guillaume.daleau@gmail.com;;Camping Cap Fun Paillotte;66 Route des campings;40140;AZUR;-1.30911;43.78707;;Validée;78370
03/10/2026;04/10/2026;TIR CAMPAGNE;SAINTES;1017013;ARCHERS SAINTAIS;CR10;170;Tir en Campagne;individuel;2027;archerssaintais17@gmail.com;https://archersaintais.sportsregions.fr;Terrain de la Pichauderie;162 Rue de Lormont;17100;SAINTES;-0.61664;45.75881;;Validée;78431
03/10/2026;03/10/2026;CHALLENGE COMPOUND;MARMANDE;1047147;ARCHERS CLUB MARMANDAIS;CR10;470;Loisirs Confirmé;individuel;2027;acm47@free.fr;http://acm47.clubeo.com/;Salle de sport;104 Avenue commandant Christian Baylac;47200;MARMANDE;0.17586;44.50101;;Reportée;78636
03/10/2026;03/10/2026;WEEK-END TIR EN CAMPAGNE;SAUMUR;1249066;JEANNE D'ARC DE SAUMUR TIR A L'ARC;CR12;490;Tir en Campagne;individuel;2027;patrickmartin49@orange.fr;http://ja-saumur-tiralarc.com;bois de Terrefort;Rue des romans;49400;SAUMUR;-0.1185;47.2535;https://extranet.ffta.fr/medias/documents_epreuves/1109a6f7a557d.pdf;Validée;77415
03/10/2026;04/10/2026;25M BARCELONNETTE;BARCELONNETTE;1304008;1ERE CIE D'ARC DE BARCELONNETTE UBAYE;CR13;040;Tir à 18m;individuel;2027;tir.arc.ubaye@hotmail.fr;https://arc-ubaye.sportsregions.fr/;Gymnase Jean Fernandez;Allée des Dames;04400;BARCELONNETTE;6.6594;44.38491;;Validée;77402
03/10/2026;04/10/2026;25M BARCELONNETTE;BARCELONNETTE;1304008;1ERE CIE D'ARC DE BARCELONNETTE UBAYE;CR13;040;Para-tir à l'arc à 18m;individuel;2027;;;;;;;;;;Validée;77403
03/11/2026;03/11/2026;"TIR D&apos;HALLOWEEN JEUNES";BALAN;0101011;LES ARCHERS DU CANTON DE MONTLUEL;CR01;010;Loisirs Débutant et confirmé;individuel;2027;jeromebardou@gmail.com;https://1acm.fr;"Complexe sportif &#x28;Salle omnisports&#x29;";Rue du Stade;01360;BALAN;;;;Validée;77198
04/09/2026;06/09/2026;CHAMPIONNAT DU RHONE ET CHAMPIONNAT REGIONAL 2026;69;0169176;CIE ARCHERS ANSOIS;CR01;690;Tir Beursault;individuel;2026;m.delayat65@gmail.com;https://archers_ansois.sportsregions.fr;Cie Archers Ansois;Chemin Des Archers;69480;ANSE;;;https://extranet.ffta.fr/medias/documents_epreuves/110170e40a7dad.pdf;Validée;75652
04/09/2026;04/09/2026;FORUM DES ASSOCIATIONS;LAGNIEU;0101020;ARC CLUB PLAINE DE L'AIN SAINTE JULIE;CR01;010;Loisirs Débutant et confirmé;individuel;2026;syllagarde@free.fr;http://acpa-sainte-julie.sportsregions.fr/;SALLE POLYVALENTE;Allée GUY DE LA VERPILLIERE;01150;LAGNIEU;5.35173;45.89793;;Validée;75628
04/09/2026;06/09/2026;TIR AUX POMMES;NAUROY;0702013;TIR A L'ARC NAUROY;CR07;020;Loisirs Débutant et confirmé;individuel;2026;jlm79@wanadoo.fr;;"Tir à l&apos;arc";"Rue rue du tir à l&apos;arc";02420;NAUROY;;;;Validée;76165
04/09/2026;06/09/2026;TIR AUX POMMES;02420 NAUROY;0702013;TIR A L'ARC NAUROY;CR07;020;Loisirs Débutant et confirmé;individuel;2027;jlm79@wanadoo.fr;;"Jeu d&apos;arc";"Rue Rue du jeu d&apos;arc";02420;NAUROY;;;;Validée;78729
04/10/2026;04/10/2026;TIR NATURE LIFFRE;LIFFRE;0335073;LES ARCHERS DE LIFFRE;CR03;350;Tir Nature;individuel;2027;accueil@lesarchersdeliffre.onmicrosoft.com;http://lesarchersdeliffre.jimdo.com/;ESPACE SPORTIF LA CROISETTE;Impasse LA CROISETTE;35340;LIFFRE;-1.52022;48.21701;;Validée;77277
04/10/2026;04/10/2026;TIR 3D;THEILLAY;0418019;VIERZON 1ERE CIE ARCHERS;CR04;180;Tir 3D;individuel;2027;antonio.sebes@gmail.com;http://www.1ereCAV.org;Pépinière Letteveau;D41   Route D41 Direction Neuvy sur Barangeon;41300;THEILLAY;2.04076;47.23025;https://extranet.ffta.fr/medias/documents_epreuves/110cd4e523d91e.pdf;Validée;78001
04/10/2026;04/10/2026;CONCOURS SALLE;VRIGNE AUX BOIS;0608007;LES ARCHERS VRIGNOIS;CR06;080;Tir à 18m;individuel;2027;lesarchersvrignois08330@gmail.com;http://lesarchersvrignois.jimdo.com;COSEC PASTEUR;Allée -------;08330;VRIGNE AUX BOIS;4.85675;49.73404;;Validée;78484
04/10/2026;04/10/2026;LES 12 HEURES D’ONNAING (AMICAL);ONNAING;0759345;LA FLÈCHE ONNAINGEOISE;CR07;590;Loisirs Confirmé;individuel;2027;audrey59264@free.fr;https://m.facebook.com/groups/499685180672180/;Salle Béatrice hess;Avenue Avenue de dunkerque;59264;ONNAING;3.58293;50.38222;;Validée;79487
04/10/2026;04/10/2026;CHAMPIONNAT DE FRANCE;ST GENEVIEVE DES BOIS;0891162;LES ARCHERS DU DONJON;CR08;910;Tir Beursault;individuel;2027;jm.lebegue@free.fr;https://archers-donjon-91.sportsregions.fr/;;;;;;;https://extranet.ffta.fr/medias/documents_epreuves/11034e7215fe5f.pdf;Validée;74798
04/10/2026;04/10/2026;CONCOURS NATURE 21 CIBLES-2 DEPARTS;ROUEN;0976132;ARCHERS DU ROY GUILLAUME;CR09;760;Tir Nature;individuel;2027;robert.blot@sfr.fr;http://www.arg76.fr/;ESPACE PETITE BOUVERIE;20 Allée  Pierre de Coubertin;76000;ROUEN;;;;Validée;78561
04/10/2026;04/10/2026;TIR NATURE 4 OCTOBRE 2026;BLANQUEFORT;1033116;INDIAN'S ARC;CR10;330;Tir Nature;individuel;2027;indiansarc33@gmail.com;http://www.indiansarc.fr;SITE DE TANAIS;Rue DE LINAS;33290;BLANQUEFORT;;;;Validée;77217
04/10/2026;04/10/2026;CONCOURS NATURE 2 DÉPARTS DIMANCHE;GRAULHET;1181205;LES ARCHERS DU DADOU;CR11;810;Tir Nature;individuel;2027;concours.archersdadou@gmail.com;https://lesarchersdudadou.sportsregions.fr/;-;53bis Avenue de Bérénice;81300;GRAULHET;1.97051;43.75755;;Reportée;77337
04/10/2026;04/10/2026;TIR NATURE DAUX;DAUX;1131092;LES ARCHERS DE FONSORBES;CR11;310;Tir Nature;individuel;2027;arc.club.fonsorbes@gmail.com;http://archersdefonsorbes.sportsregions.fr/;daux;257 Chemin des rivierres;31700;DAUX;1.25005;43.70795;https://extranet.ffta.fr/medias/documents_epreuves/110c09c2ca3a18.pdf;Validée;77492
04/10/2026;04/10/2026;WEEK-END TIR EN CAMPAGNE;SAUMUR;1249066;JEANNE D'ARC DE SAUMUR TIR A L'ARC;CR12;490;Tir en Campagne;individuel;2027;patrickmartin49@orange.fr;http://ja-saumur-tiralarc.com;Bois de Terrefort;Rue des Romans;49400;SAUMUR;-0.1185;47.2535;https://extranet.ffta.fr/medias/documents_epreuves/1109a6f3c02a98.pdf;Validée;77417
04/10/2026;04/10/2026;TIR NATURE - SÉLECTIFS - 2 DÉPARTS;LE PUY SAINTE REPARADE;1313096;ARCHERS DU ROY RENE;CR13;130;Tir Nature;individuel;2027;lesarchersduroyrene@gmail.com;http://www.archersduroyrene.net;-;1078 Chemin St Jean;13610;LE PUY STE REPARADE;5.42672;43.64182;;Validée;77431
05/09/2026;05/09/2026;JOURNEE DECOUVERTE;SAINTE JULIE;0101020;ARC CLUB PLAINE DE L'AIN SAINTE JULIE;CR01;010;Loisirs Débutant et confirmé;individuel;2026;syllagarde@free.fr;http://acpa-sainte-julie.sportsregions.fr/;Terrain Ste julie;Chemin de charmes rondes;01150;STE JULIE;5.28532;45.88394;;Validée;75630
05/09/2026;05/09/2026;FORUM DES ASSOCIATIONS;SAINTE JULIE;0101020;ARC CLUB PLAINE DE L'AIN SAINTE JULIE;CR01;010;Loisirs Débutant et confirmé;individuel;2026;syllagarde@free.fr;http://acpa-sainte-julie.sportsregions.fr/;SALLE DES FETES;Rue DE LA SALLE DES FETES;01150;STE JULIE;5.27748;45.89121;;Validée;75629
05/09/2026;05/09/2026;FORUM DES ASSOCIATION DAGNEUX/BALAN;DAGNEUX;0101011;LES ARCHERS DU CANTON DE MONTLUEL;CR01;010;Loisirs Débutant et confirmé;individuel;2026;jeromebardou@gmail.com;https://1acm.fr;ESPACE DES BATONNES;Chemin de Marigneux;01120;DAGNEUX;5.08693;45.85273;;Validée;75268
05/09/2026;05/09/2026;CONCOURS 3D MARIGNIER SAMEDI;MARIGNIER;0174259;LES ARCHERS DE L'ARVE;CR01;740;Tir 3D;individuel;2026;secretaire@archers-arve.com;https://archers-arve.sportsregions.fr/;Boulodrome;Rue de la cantine;74970;MARIGNIER;6.49366;46.12125;https://extranet.ffta.fr/medias/documents_epreuves/110103b38f3aa4.pdf;Validée;75244
05/09/2026;05/09/2026;CONCOURS NATURE SAMEDI;NANTILLY;0270061;LES COMPAGNONS DES 3 FLAMMES VAL DE GRAY;CR02;700;Tir Nature;individuel;2026;philippe-gauliard@hotmail.fr;http://www.lescompagnonsdes3flammes.fr;les Bouchots;Domaine les Bouchots;70100;NANTILLY;5.51742;47.46457;https://extranet.ffta.fr/medias/documents_epreuves/110968c210fb7e.pdf;Validée;76341
05/09/2026;06/09/2026;BFC BEURSAULT;MÂCON;0271076;COMPAGNIE DES ARCHERS MACONNAIS;CR02;710;Tir Beursault;individuel;2026;archers.maconnais@yahoo.fr;http://archersmaconnais.fr;Complexe sportif Jean BURNICHON 1 rue Léo Lagrange;"Complexe sportif Jean BURNICHON 1 rue Léo Lagrange Rue Rue Léo Lagrange - Complexe sportif de tir à l&apos;arc de Champlevert Jean Burnichon";71000;MACON;4.48374;46.17982;https://extranet.ffta.fr/medias/documents_epreuves/110af9848a436d.pdf;Validée;76500
05/09/2026;05/09/2026;TAE;RENNES;0335067;COMPAGNIE D'ARCHERS DE RENNES;CR03;350;Para-tir à l'arc en extérieur;individuel;2026;contact@archersderennes.com;http://www.archersderennes.com;Archers de Rennes;4 Avenue des Gayeulles;35700;RENNES;-1.64793;48.13211;;Validée;75298
05/09/2026;05/09/2026;TAE;RENNES;0335067;COMPAGNIE D'ARCHERS DE RENNES;CR03;350;Tir à l'Arc Extérieur;individuel;2026;contact@archersderennes.com;http://www.archersderennes.com;Archers de Rennes;4 Avenue des Gayeulles;35700;RENNES;-1.64793;48.13211;;Validée;75297
05/09/2026;06/09/2026;CHAMPIONNAT REGIONAL BEURSAULT;GUICHEN;CR03;COMITE REGIONAL DE BRETAGNE;CR03;;Tir Beursault;individuel;2027;michel.rogue@orange.fr;http://www.tiralarcbretagne.fr/;"JARDIN d&apos;ARC";116 Rue GENERAL LECLERC;35580;GUICHEN;-1.80685;47.96236;;Validée;79692
05/09/2026;06/09/2026;TIR CAMPAGNE DU MOULIN DES FAÏENCIERS;SARREGUEMINES;0657140;1ERE CIE DE TIR A L'ARC;CR06;570;Tir en Campagne;individuel;2026;maleriat.florence@gmail.com;;Moulin des faïenciers;Avenue De la blies;57200;SARREGUEMINES;7.07503;49.1234;https://extranet.ffta.fr/medias/documents_epreuves/10f8c692821cc7.pdf;Validée;76400
05/09/2026;06/09/2026;CONCOURS BEURSAULT;"L&apos;HAY LES ROSES";0894252;LES ARCHERS DE L'HAY LES ROSES;CR08;940;Tir Beursault;individuel;2027;archers.de.lhay@free.fr;http://archers-de-lhay.fr/;"Compagnie des Archers de L&apos;Haÿ";22 Rue Léon Blum;94240;L HAY LES ROSES;2.32206;48.76468;https://extranet.ffta.fr/medias/documents_epreuves/10f71a7229aa93.pdf;Validée;78195
05/09/2026;05/09/2026;TIR AU FEMININ;BOÉ;1047144;ARCHERS DE BOE;CR10;470;Loisirs Débutant;individuel;2027;jean.marie.tovo@gmail.com;78 Av. François Mitterrand;LES ARCHERS DE BOE;78 Avenue 78 Av. François Mitterrand;47550;BOE;0.65622;44.17176;;Validée;78245
05/09/2026;05/09/2026;TIR EN CAMPAGNE;ARDIN;1079182;LES ARCHERS DE L'AUTIZE;CR10;790;Tir en Campagne;individuel;2026;lesarchersdelautize@gmail.com;http://www.lesarchersdelautize.com;"Terrain tir à l&apos;arc";Rue Armand Barlet;79160;ARDIN;-0.55118;46.47732;https://extranet.ffta.fr/medias/documents_epreuves/1105bd34b81ac0.pdf;Validée;76211
05/09/2026;05/09/2026;TIR DU BOUQUET PROVINCIAL;AULNAY DE SAINTONGE;1017028;FOYER RURAL D'AULNAY;CR10;170;Tir Beursault;individuel;2026;cchillairet@wanadoo.fr;http://archers-du-donjon.sportsregions.fr;TERRAIN DE MONDEVIS;Chemin DU GRAVANT;17470;AULNAY;-0.3518;46.01518;https://extranet.ffta.fr/medias/documents_epreuves/11032b710de436.pdf;Validée;75789
05/09/2026;05/09/2026;LOISIR DE CIEUSE;REAUP LISSE;1047146;ARCHERS DE LA TENAREZE;CR10;470;Loisirs Débutant et confirmé;individuel;2026;jacques.sottoriva@gmail.com;https://archers-tenareze.org;bois de Cieuse;Route de Cieuse;47170;REAUP LISSE;;;;Validée;75744
06/09/2026;06/09/2026;FORUM DES ASSOCIATION MONTLUEL;MONTLUEL;0101011;LES ARCHERS DU CANTON DE MONTLUEL;CR01;010;Loisirs Débutant et confirmé;individuel;2026;jeromebardou@gmail.com;https://1acm.fr;Pétanquodrome;Cours de la Portelle;01120;MONTLUEL;5.05877;45.85253;;Validée;75269
06/09/2026;06/09/2026;CONCOURS 3D MARIGNIER DIMANCHE;MARIGNIER;0174259;LES ARCHERS DE L'ARVE;CR01;740;Tir 3D;individuel;2026;secretaire@archers-arve.com;https://archers-arve.sportsregions.fr/;Boulodrome;Rue de la cantine;74970;MARIGNIER;6.49366;46.12125;https://extranet.ffta.fr/medias/documents_epreuves/110103a5be9e06.pdf;Validée;75245
06/09/2026;06/09/2026;FORUM DES ASSOCIATIONS BLYES;BLYES;0101011;LES ARCHERS DU CANTON DE MONTLUEL;CR01;010;Loisirs Débutant et confirmé;individuel;2026;jeromebardou@gmail.com;https://1acm.fr;Place;Place de la Mairie;01150;BLYES;;;;Validée;75352
06/09/2026;06/09/2026;CONCOURS NATURE DIMANCHE MATIN;NANTILLY;0270061;LES COMPAGNONS DES 3 FLAMMES VAL DE GRAY;CR02;700;Tir Nature;individuel;2026;philippe-gauliard@hotmail.fr;http://www.lescompagnonsdes3flammes.fr;les Bouchots;Domaine les Bouchots;70100;NANTILLY;5.51742;47.46457;https://extranet.ffta.fr/medias/documents_epreuves/110968efa05a0.pdf;Validée;76342
06/09/2026;06/09/2026;CONCOURS NATURE DIMANCHE APRES MIDI;NANTILLY;0270061;LES COMPAGNONS DES 3 FLAMMES VAL DE GRAY;CR02;700;Tir Nature;individuel;2026;philippe-gauliard@hotmail.fr;http://www.lescompagnonsdes3flammes.fr;les Bouchots;Domaine les Bouchots;70100;NANTILLY;5.51742;47.46457;https://extranet.ffta.fr/medias/documents_epreuves/110968d51b2d88.pdf;Validée;76344
06/09/2026;06/09/2026;TAE;CONCARNEAU;0329035;C.ARCHER PETIT CHATEAU;CR03;290;Tir à l'Arc Extérieur;individuel;2026;val.stephant@laposte.net;https://archersconcarneau.fr;Terrain de Kersaux;Avenue Du Cabellou;29900;CONCARNEAU;-3.89863;47.85818;https://extranet.ffta.fr/medias/documents_epreuves/1106eae655f0d.pdf;Validée;76851
06/09/2026;06/09/2026;CONCOURS 3D MATIN;SIGLOY;0445121;CIE DES ARCHERS DU VAL D'OR;CR04;450;Tir 3D;individuel;2026;florence.jove@orange.fr;https://www.cavo-sigloy.fr/;CARRIERE DE SIGLOY;Chemin CARRIERE DE SIGLOY;45110;SIGLOY;2.20709;47.8402;https://extranet.ffta.fr/medias/documents_epreuves/1105edf4ccd36d.pdf;Validée;76240
06/09/2026;06/09/2026;CONCOURS 3D APRES-MIDI;SIGLOY;0445121;CIE DES ARCHERS DU VAL D'OR;CR04;450;Tir 3D;individuel;2026;florence.jove@orange.fr;https://www.cavo-sigloy.fr/;CARRIERE DE SIGLOY;Chemin CARRIERE DE SIGLOY;45110;SIGLOY;2.20709;47.8402;https://extranet.ffta.fr/medias/documents_epreuves/1105ede2b55e9a.pdf;Validée;76241
06/09/2026;06/09/2026;TIR AU DRAPEAU 2026;RUE DU STADE BAUDRES;0436064;1ERE CIE D'ARCHERS DES TOURS;CR04;360;Loisirs Débutant et confirmé;individuel;2027;tiralarc.levroux@gmail.com;;Stade de foot;Rue Du stade;36110;BAUDRES;1.58296;47.0566;;Validée;79704
06/09/2026;06/09/2026;CHAMPIONNAT DE RONDE DU SUD DE L AISNE TAE;CHEZY EN ORXOIS;0702041;CIE D'ARC DE NEUILLY ST FRONT;CR07;020;Tir à l'Arc Extérieur;individuel;2026;philippe.robert98@aliceadsl.fr;https://philipperobert98.wixsite.com/compagniedarcneuilly;Terrain de tir à l arc;Rue De la gare;02810;CHEZY EN ORXOIS;3.18914;49.1281;https://extranet.ffta.fr/medias/documents_epreuves/11082cb5c84ce7.pdf;Validée;75246
06/09/2026;06/09/2026;TIR NATURE;MARCONNE;0762291;LA FLECHE AIROISE;CR07;620;Tir Nature;individuel;2026;thomas.iket62@gmail.com;https://www.laflecheairoise.fr;ARCHERS DU RAVIN;8 Rue DU FOND DE MOURIEZ;62140;MARCONNE;2.00829;50.35806;https://extranet.ffta.fr/medias/documents_epreuves/10fa8a74fec3a1.pdf;Validée;76533
06/09/2026;06/09/2026;"CHAMPIONNAT DE L&apos;OISE DE TIR BEURSAULT";ESTREES SAINT DENIS;0760214;COMPAGNIE D'ARC D'ESTREES;CR07;600;Tir Beursault;individuel;2026;ciearcesd@orange.fr;http://ciearcesd.com;"Jeu d&apos;arc";"7 Rue  du jeu d&apos;arc";60190;ESTREES ST DENIS;2.6369;49.43121;;Validée;75701
06/09/2026;06/09/2026;"CHAMPIONNAT BEURSAULT RONDE DE L&apos;AISNE";PINON;0702066;CIE D'ARC DE PINON;CR07;020;Tir Beursault;individuel;2026;compagnie.arc.pinon@gmail.com;https://compagniedarcdepinon.sportsregions.fr/;"Jeu d&apos;arc";10 Chemin des hautes fremieres;02320;PINON;3.4489;49.49716;;Validée;75414
06/09/2026;06/09/2026;PORTES OUVERTES;BURY;0760190;COMPAGNIE D'ARC DE BURY;CR07;600;Loisirs Débutant et confirmé;individuel;2026;besace.marcelle@orange.fr;https://www.arc-bury.com;"COMPAGNIE D&apos;ARC DE BURY";Rue MADAME DUVIVIER;60250;BURY;2.34567;49.31659;;Validée;75507
06/09/2026;06/09/2026;TIR NATURE;MARCONNE;0762291;LA FLECHE AIROISE;CR07;620;Tir Nature;individuel;2026;thomas.iket62@gmail.com;https://www.laflecheairoise.fr;ARCHERS DU RAVIN;8 Rue DU FOND DE MOURIEZ;62140;MARCONNE;2.00829;50.35806;https://extranet.ffta.fr/medias/documents_epreuves/10fa8a74fec3a1.pdf;Validée;76533
06/09/2026;06/09/2026;CHAMPIONNAT RONDE SUD DE L AISNE BEURSAULT;NEUILLY SAINT FRONT;0702041;CIE D'ARC DE NEUILLY ST FRONT;CR07;020;Tir Beursault;individuel;2026;philippe.robert98@aliceadsl.fr;https://philipperobert98.wixsite.com/compagniedarcneuilly;Jeu d arc de Neuilly saint front;Allée Des buttes;02470;NEUILLY ST FRONT;3.26445;49.17123;https://extranet.ffta.fr/medias/documents_epreuves/11082cc2861898.pdf;Validée;75247
06/09/2026;06/09/2026;PORTES OUVERTES;VILLEJUIF;0894263;US-VILLEJUIF TIR ARC;CR08;940;Loisirs Débutant;individuel;2027;usv_tiralarc@hotmail.com;http://archersdevillejuif.com/;parc pablo neruda;Rue Paul Bert;94800;VILLEJUIF;2.36429;48.79153;;Validée;79104
06/09/2026;06/09/2026;QUALIF NATURE;BARBEZIEUX;1016010;M.J.C. SECTION TIR A L'ARC;CR10;160;Tir Nature;individuel;2026;mjcdebarbezieux@wanadoo.fr;https://www.mjcbarbezieux.fr;cabane;Chemin les étangs du couret;16360;CONDEON;;;https://extranet.ffta.fr/medias/documents_epreuves/110b88c1d9a209.pdf;Validée;75319
06/09/2026;06/09/2026;TIR EN CAMPAGNE;ARDIN;1079182;LES ARCHERS DE L'AUTIZE;CR10;790;Tir en Campagne;individuel;2026;lesarchersdelautize@gmail.com;http://www.lesarchersdelautize.com;"Terrain de tir à l&apos;arc";Rue Armand Barlet;79160;ARDIN;-0.55118;46.47732;https://extranet.ffta.fr/medias/documents_epreuves/1105bd33616524.pdf;Validée;76212
06/09/2026;06/09/2026;TIR BEURSAULT;AULNAY DE SAINTONGE;1017028;FOYER RURAL D'AULNAY;CR10;170;Tir Beursault;individuel;2026;cchillairet@wanadoo.fr;http://archers-du-donjon.sportsregions.fr;TERRAIN DE MONDEVIS;Chemin DU GRAVANT;17470;AULNAY;-0.35178;46.0151;https://extranet.ffta.fr/medias/documents_epreuves/11032b85e6c1b5.pdf;Validée;75790
06/09/2026;06/09/2026;FORUM DES SPORTS MARMANDAIS;MARMANDE;1047147;ARCHERS CLUB MARMANDAIS;CR10;470;Loisirs Débutant;individuel;2026;acm47@free.fr;http://acm47.clubeo.com/;Espace Expo;6 Avenue François Mitterand;47200;MARMANDE;0.14332;44.50844;;Validée;76420
06/09/2026;06/09/2026;FORUM DES SPORTS;VILLENEUVE SUR LOT;1047154;LES ARCHERS DES DEUX RIVES;CR10;470;Loisirs Débutant;individuel;2027;president.lesarchersdes2rives@gmail.com;http://lesarchersdes2rives.fr/;complexe sportif la myre mory;"Avenue d&apos;agen";47300;VILLENEUVE SUR LOT;0.71345;44.39095;;Validée;78021
06/09/2026;06/09/2026;3D DE RENTREE;POMPIGNAN;1182214;LES ARCHERS DE LABREILLE;CR11;820;Tir 3D;individuel;2026;patriceayral@orange.fr;http://archersdelabreille.sportsregions.fr/;Parcours;Chemin d'Escudès;82600;ST SARDOS;;;https://extranet.ffta.fr/medias/documents_epreuves/1108a3487cf93.pdf;Validée;77044
06/09/2026;06/09/2026;AMICAL NATURE;SOREDE;1166246;SAGETA CATALANA;CR11;660;Loisirs Débutant et confirmé;individuel;2027;Chiloealize@gmail.com;https://www.sagetacatalana.fr/;terrain;Chemin de la rasclose;66690;SOREDE;2.96649;42.54606;;Validée;79770
06/09/2026;06/09/2026;CHAMPIONNAT DEPARTEMENTAL BEURSAULT;LA FLECHE;1272098;COMPAGNIE D'ARC DE LA FLECHE;CR12;720;Tir Beursault;individuel;2026;ciearclafeche@gmail.com;https://ciearclafleche.com/;Terrain rue Famille Bizot;Rue Famille Bizot;72200;LA FLECHE;-0.07497;47.69004;https://extranet.ffta.fr/medias/documents_epreuves/1107993148792f.pdf;Validée;75398
06/09/2026;06/09/2026;CAMPAGNE CANDE 06 SEPTEMBRE 2026;SEGRE;1249047;CIE DES ARCHERS DU S.O CANDEEN;CR12;490;Tir en Campagne;individuel;2026;archersdusocande@gmail.com;https://archers-du-so-cande.jimdo.com/;CHATEAU DE LA LORIE;Domaine LA LORIE;49500;SEGRE;-0.84967;47.67841;https://extranet.ffta.fr/medias/documents_epreuves/1103810342e094.pdf;Validée;75207
06/09/2026;06/09/2026;MELI MELO 3;"L&apos;ESCALE";1304013;LES ARCHERS DU SOLEIL;CR13;040;Loisirs Débutant et confirmé;individuel;2027;archersdusoleil@gmail.com;http://archers-du-soleil.club.sportsregions.fr/;PARCOURS DE COULAYES;Montée Des Oliviers;04160;CHATEAU ARNOUX ST AUBAN;6.03729;44.08086;;Reportée;78701
06/09/2026;06/09/2026;TIR 3D ET TIR EN CAMPAGNE;PAITA;3899010;LES ARCHERS DE PAITA;CR38;992;Loisirs Débutant et confirmé;individuel;2026;lesarchersdepaita@lagoon.nc;https://lesarchersdepaita.wixsite.com;Terrain club Paita;;98889;;;;;Validée;77033
06/11/2026;06/11/2026;"TIR D&apos;HALLOWEEN ADULTES";DAGNEUX;0101011;LES ARCHERS DU CANTON DE MONTLUEL;CR01;010;Loisirs Débutant et confirmé;individuel;2027;jeromebardou@gmail.com;https://1acm.fr;Gymnase 3CM;Rue de Bressolles;01120;DAGNEUX;;;;Validée;77200
06/11/2026;07/11/2026;CONCOURS SALLE;VEZIN LE COQUET;0335091;AVENIR SPORTIF VEZIN;CR03;350;Tir à 18m;individuel;2027;isabelle.chancerel@orange.fr;http://as-vezin-tiralarc.clubeo.com/;salle cornouaille;9 Rue du stade;35132;VEZIN LE COQUET;-1.75719;48.1137;;Validée;78655
06/11/2026;07/11/2026;CONCOURS SALLE;VEZIN LE COQUET;0335091;AVENIR SPORTIF VEZIN;CR03;350;Para-tir à l'arc à 18m;individuel;2027;;;;;;;;;;Validée;78656
06/11/2026;06/11/2026;TIR A 18 M;RENNES;0335067;COMPAGNIE D'ARCHERS DE RENNES;CR03;350;Tir à 18m;individuel;2027;contact@archersderennes.com;http://www.archersderennes.com;"SALLE DE TIR A L&apos;ARC";8 Avenue des Gayeulles;35700;RENNES;-1.65059;48.13324;;Validée;78774
06/11/2026;06/11/2026;TIR A 18 M;RENNES;0335067;COMPAGNIE D'ARCHERS DE RENNES;CR03;350;Para-tir à l'arc à 18m;individuel;2027;;;;;;;;;;Validée;78775
06/11/2026;06/11/2026;TIRS MARCEL CONTRE LE CANCER;LA VRAIE CROIX;0356104;LANGROEZ ARC;CR03;560;Tir à 18m;individuel;2027;lbraud56@sfr.fr;https://www.langroezarc.com/;Salle omnisports;Rue du 19 mars 1962;56250;ELVEN;-2.54243;47.69086;;Validée;78861
06/11/2026;06/11/2026;TIRS MARCEL CONTRE LE CANCER;LA VRAIE CROIX;0356104;LANGROEZ ARC;CR03;560;Para-tir à l'arc à 18m;individuel;2027;lbraud56@sfr.fr;https://www.langroezarc.com/;Salle omnisports;Rue du 19 mars 1962;56250;ELVEN;-2.54243;47.69086;;Validée;78862
06/11/2026;08/11/2026;COUCOURS SALLE;FLERS;0961084;PETITE A;CR09;610;Tir à 18m;individuel;2027;neilan.chancerel@gmail.com;;Gymnase Jean-Monnet;13 Rue Rue de la Fournière;61100;FLERS;-0.5695;48.73935;;Validée;78705
07/09/2026;07/09/2026;PORTES OUVERTES;DAGNEUX;0101011;LES ARCHERS DU CANTON DE MONTLUEL;CR01;010;Loisirs Débutant et confirmé;individuel;2026;jeromebardou@gmail.com;https://1acm.fr;Gymnase 3CM;Rue de Bressolles;01120;DAGNEUX;5.08407;45.85182;;Validée;75353
07/10/2026;07/10/2026;PARTAGE TES FLECHES;COMPIEGNE;0760171;LES ARCHERS DE COMPIEGNE;CR07;600;Loisirs Débutant;individuel;2027;sebastientabard@gmail.com;http://www.lesarchersdecompiegne.com;"centre de tir à l&apos;arc";2 Rue jacques daguerre;60200;COMPIEGNE;2.78293;49.38909;;Validée;79665
07/11/2026;08/11/2026;CONCOURS SALLE;SAINT-ETIENNE;0142133;1ERE CIE DES ARCHERS;CR01;420;Tir à 18m;individuel;2027;communication@archers42.com;http://www.archers42.com;Gymnase des champs;Chemin des Champs;42000;ST ETIENNE;4.37226;45.46436;;Validée;78362
07/11/2026;07/11/2026;CONCOURS DEBUTANT SALLE;SAINT-ETIENNE;0142133;1ERE CIE DES ARCHERS;CR01;420;Loisirs Débutant;individuel;2027;communication@archers42.com;http://www.archers42.com;Gymnase des champs;Chemin des Champs;42000;ST ETIENNE;4.3722;45.46435;;Validée;78363
07/11/2026;07/11/2026;TIR A 18 M;LEZOUX;0163152;LEZOUX ARC RACING CLUB;CR01;630;Tir à 18m;individuel;2027;tricole@orange.fr;https://lezouxarcracingclub.sportsregions.fr/;gymnase du Vernadel;Chemin des Charretiers;63190;LEZOUX;3.39301;45.83647;;Validée;79089
07/11/2026;08/11/2026;TIR A 18M +CRJ;BRON;0169212;ARC CLUB DE BRON;CR01;690;Tir à 18m;individuel;2027;arc.club.bron@gmail.com;http://www.arcclubbron.fr;Gymnase André Boulloche;Rue Jacques Daligand;69500;BRON;4.90497;45.75068;;Validée;77186
07/11/2026;08/11/2026;TIR EN SALLE DES FLECHES DE VILLEFRANCHE + CRJ;"VILLEFRANCHE D&apos;ALLIER";0103033;LES FLECHES DE VILLEFRANCHE;CR01;030;Tir à 18m;individuel;2027;lafaye.benoit@free.fr;http://flechesvillefranche.club.sportsregions.fr/;GYMNASE;Rue Des Fossés;03430;VILLEFRANCHE D ALLIER;2.85744;46.39621;;Validée;77591
07/11/2026;08/11/2026;TIR EN SALLE DES FLECHES DE VILLEFRANCHE + CRJ;"VILLEFRANCHE D&apos;ALLIER";0103033;LES FLECHES DE VILLEFRANCHE;CR01;030;Para-tir à l'arc à 18m;individuel;2027;;;;;;;;;;Validée;77592
07/11/2026;08/11/2026;TIR EN SALLE 2 X 18 M +CRJ;DARDILLY;0169219;COMPAGNIE D'ARCHERS DECLIC;CR01;690;Tir à 18m;individuel;2027;archersdeclic@gmail.com;http://www.archersdeclic.fr;Gymnase Roland GUILLAUD;Chemin du DODIN;69570;DARDILLY;4.76232;45.81628;;Validée;77794
07/11/2026;08/11/2026;COMPÉTITION SALLE 2X 18 M + CRJ;THONES;0174271;ARCHERS VALLEE THONES;CR01;740;Tir à 18m;individuel;2027;archers.thones74@gmail.com;https://archersvalleedethones.sportsregions.fr/;Gymnase des Perrasses;Voie Eugène Fournier Bidoz;74230;THONES;;;;Validée;77806
07/11/2026;08/11/2026;TIR 18 M;TAVAUX;0239046;ARC JURA TAVAUX;CR02;390;Tir à 18m;individuel;2027;arcjuratavaux39@gmail.com;https://sites.google.com/view/arcjuratavaux/accueil;gymnase Pierre Mendes France;"Rue de l&apos;Abergement";39500;TAVAUX;5.40016;47.04418;;Validée;78258
07/11/2026;08/11/2026;CHALLENGE DE LA VILLE DE PARAY;PARAY LE MONIAL;0271081;LES ARCHERS TOUR ST NICOLAS;CR02;710;Tir à 18m;individuel;2027;leucate11@hotmail.fr;http://lesarchersdelatourstnicolas.sportsregions;gymnase des sables;Avenue chalon;71600;PARAY LE MONIAL;4.11394;46.46237;;Validée;78865
07/11/2026;08/11/2026;24 HEURES INTERNATIONALES;BELFORT;0290117;1ERE COMPAGNIE D'ARC SR BELFORT;CR02;900;Loisirs Confirmé;uniquement équipe;2027;1erearc.srbelfort90@gmail.com;http://www.1ereciearcbelfort.com;Centre Benoit Frachon;18 Rue de Vesoul;90000;BELFORT;6.83785;47.65633;;Validée;78948
07/11/2026;08/11/2026;CONCOURS SALLE 4 DÉPART 11 CIBLES AB/CD;NOYAL SUR VILAINE;0335065;LES ARCHERS DE ST LOUP;CR03;350;Tir à 18m;individuel;2027;delourmelemmanuel@hotmail.com;http://www.archers-de-st-loup.fr/;Salle des Archers;Rue du petit bois;35530;NOYAL SUR VILAINE;;;;Validée;78009
07/11/2026;08/11/2026;TIR À 18M PLESLIN-TRIGAVOU;PLESLIN-TRIGAVOU;0322020;LES ARCHERS DU FREMUR;CR03;220;Tir à 18m;individuel;2027;lesarchersdufremur@gmail.com;https://lesarchersdufremur.wixsite.com/lesarchersdufremur;Salle omnisports;Lotissement La ville des champs;22490;PLESLIN TRIGAVOU;-2.05995;48.53319;;Validée;78528
07/11/2026;08/11/2026;TIR À 18M PLESLIN-TRIGAVOU;PLESLIN-TRIGAVOU;0322020;LES ARCHERS DU FREMUR;CR03;220;Para-tir à l'arc à 18m;individuel;2027;;;;;;;;;;Validée;78529
07/11/2026;08/11/2026;TIRS A 18 M;LA VRAIE CROIX;0356104;LANGROEZ ARC;CR03;560;Tir à 18m;individuel;2027;lbraud56@sfr.fr;https://www.langroezarc.com/;Salle omnisports;Rue du 19 mars 1962;56250;LA VRAIE CROIX;-2.54215;47.69097;;Validée;78692
07/11/2026;08/11/2026;TIRS A 18 M;LA VRAIE CROIX;0356104;LANGROEZ ARC;CR03;560;Para-tir à l'arc à 18m;individuel;2027;;;;;;;;;;Validée;79131
07/11/2026;07/11/2026;TIR SALLE 2X18M;BELLEVILLE SUR LOIRE;0418004;LES ARCHERS DE BELLEVILLE SUR LOIRE;CR04;180;Tir à 18m;individuel;2027;president@les-archers-de-belleville-sur-loire.fr;http://www.les-archers-de-belleville-sur-loire.fr;Complexe sportif;Rue Du stade;18240;BELLEVILLE SUR LOIRE;2.84489;47.50456;;Validée;78050
07/11/2026;07/11/2026;TIR SALLE 2X18M;BELLEVILLE SUR LOIRE;0418004;LES ARCHERS DE BELLEVILLE SUR LOIRE;CR04;180;Para-tir à l'arc à 18m;individuel;2027;;;;;;;;;;Validée;78051
07/11/2026;07/11/2026;TIR SPECIAL DEBURANTS;BELLEVILLE SUR LOIRE;0418004;LES ARCHERS DE BELLEVILLE SUR LOIRE;CR04;180;Loisirs Débutant;individuel;2027;president@les-archers-de-belleville-sur-loire.fr;http://www.les-archers-de-belleville-sur-loire.fr;Complexe sportif;Rue Du stade;18240;BELLEVILLE SUR LOIRE;2.84484;47.50453;;Validée;78054
07/11/2026;08/11/2026;CONCOURS SELECTIF 18M SALLE;CHOUZY-SUR-CISSE;0441100;LES ARCHERS DE CHOUZY SUR CISSE;CR04;410;Tir à 18m;individuel;2027;frederic.le-lais@orange.fr;https://lesarchersdechouzy.sportsregions.fr/;Gymnase de Chouzy-sur-Cisse;Impasse Impasse de la champagne;41150;CHOUZY SUR CISSE;1.24945;47.52501;;Validée;78133
07/11/2026;07/11/2026;CONCOURS JEUNES;CHOUZY-SUR-CISSE;0441100;LES ARCHERS DE CHOUZY SUR CISSE;CR04;410;Loisirs Débutant;individuel;2027;frederic.le-lais@orange.fr;https://lesarchersdechouzy.sportsregions.fr/;Gymnase de Chouzy-sur-Cisse;Impasse Impasse de la champagne;41150;CHOUZY SUR CISSE;1.24945;47.52501;;Validée;78136
07/11/2026;08/11/2026;TIR EN SALLE;JOUE LES TOURS;0437092;ARC JOCONDIEN;CR04;370;Tir à 18m;individuel;2027;arcjocondien37300@gmail.com;;GYMNASNE BEAULIEU;Rue DES POMMIERS;37300;JOUE LES TOURS;0.65765;47.3618;;Validée;78228
07/11/2026;08/11/2026;TIR EN SALLE;JOUE LES TOURS;0437092;ARC JOCONDIEN;CR04;370;Para-tir à l'arc à 18m;individuel;2027;;;;;;;;;;Validée;78229
07/11/2026;08/11/2026;TIR SALLE CHATEAUROUX;CHATEAUROUX;0436059;CHATEAUROUX 1ERE CIE;CR04;360;Tir à 18m;individuel;2027;archers_chateauroux36006@orange.fr;http://club.sportsregions.fr/1e_cie_chateauroux/;Gymnase Ampere;Rue Ampere;36000;CHATEAUROUX;1.71255;46.81162;;Validée;77469
07/11/2026;08/11/2026;TIR SALLE CHATEAUROUX;CHATEAUROUX;0436059;CHATEAUROUX 1ERE CIE;CR04;360;Para-tir à l'arc à 18m;individuel;2027;;;;;;;;;;Validée;77470
07/11/2026;07/11/2026;SPÉCIAL DÉBUTANT;MALESHERBES;0445145;CLUB DES ARCHERS DU MALESHERBOIS;CR04;450;Loisirs Débutant;individuel;2027;elodie.barillot@outlook.fr;https://www.cam-tirarc.fr/;Gymnase Yannick Souvre;Rue Rue de Vauluizard;45330;MALESHERBES;2.39538;48.28692;;Validée;77757
07/11/2026;07/11/2026;2X18M;MALESHERBES;0445145;CLUB DES ARCHERS DU MALESHERBOIS;CR04;450;Tir à 18m;individuel;2027;elodie.barillot@outlook.fr;https://www.cam-tirarc.fr/;Gymnase Yannick Souvre;Rue Rue de Vauluizard;45330;MALESHERBES;2.39536;48.28701;;Validée;77758
07/11/2026;07/11/2026;2X18M;MALESHERBES;0445145;CLUB DES ARCHERS DU MALESHERBOIS;CR04;450;Para-tir à l'arc à 18m;individuel;2027;;;;;;;;;;Validée;77759
07/11/2026;08/11/2026;CONCOURS SALLE;COLOMBEY LES BELLES;0654067;LES FLECHES ROYALES;CR06;540;Tir à 18m;individuel;2027;flechesroyales@orange.fr;https://flechesroyales.wixsite.com/website;GYMNASE DU COLLEGE;Rue du moncel;54170;COLOMBEY LES BELLES;5.88591;48.52923;;Validée;77876
07/11/2026;08/11/2026;CONCOURS  SALLE 2X18;AY CHAMPAGNE;0651052;LES ARCHERS DE MAREUIL SUR AY;CR06;510;Tir à 18m;individuel;2027;patrickchemin682503@gmail.com;https://www.lesarchersdemareuilsuray.com;GYMNASE CHARLES DE GAULLE;39 Boulevard Charles De Gaulle;51160;AY;4.00243;49.0525;;Validée;78380
07/11/2026;08/11/2026;CONCOURS  SALLE 2X18;AY CHAMPAGNE;0651052;LES ARCHERS DE MAREUIL SUR AY;CR06;510;Para-tir à l'arc à 18m;individuel;2027;;;;;;;;;;Validée;78381
07/11/2026;08/11/2026;COURCOURS SALLE;CHAOURCE;0610025;CIE D'ARC DU CHAOURCOIS;CR06;100;Tir à 18m;individuel;2027;taa.chaource@gmail.com;;COSEC;Route de la CORDELIERE;10210;CHAOURCE;4.14586;48.0605;;Validée;78598
07/11/2026;07/11/2026;TIR EN SALLE JEUNES & DEBUTANTS;SAINT-DIZIER;0652062;LA FLECHE BRAGARDE;CR06;520;Loisirs Débutant;individuel;2027;dormont.philippe@orange.fr;http://laflechebragarde.e-monsite.com;UJB;21 Avenue Général Giraud;52100;ST DIZIER;4.95309;48.62857;;Validée;78644
07/11/2026;08/11/2026;CONCOURS EN SALLE 2 X 18M;CHÂTEAU-THIERRY;0702056;ARCHERS DE CHATEAU-THIERRY ET DE BRASLES;CR07;020;Tir à 18m;individuel;2027;les.archers.de.chateau.thierry@gmail.com;;Gymnase Cassin;Rue de Mosbach;02400;CHATEAU THIERRY;3.38574;49.05139;;Validée;78884
07/11/2026;08/11/2026;TIR SELECTIF 2X18M;COULOISY;0760204;CIE D'ARC DE CUISE LA MOTTE;CR07;600;Tir à 18m;individuel;2027;ciearccuise@outlook.fr;https://arccuiselamotte.sportsregions.fr/;complexe sportif et culturel inter communal;Rue du collège;60350;COULOISY;3.01332;49.40296;;Validée;78983
07/11/2026;08/11/2026;TIR 18M;JUSSY;0702072;LES ARCHERS DE SEBONCOURT .;CR07;020;Tir à 18m;individuel;2027;laurent.prudhomme1911@gmail.com;;GYMNASE;Rue Jacques Beauvez,;02480;JUSSY;3.23201;49.723;;Validée;79206
07/11/2026;08/11/2026;TIR A 18M - CREPY EN VALOIS;CREPY EN VALOIS;0760199;CIE DE CREPY EN VALOIS;CR07;600;Tir à 18m;individuel;2027;cie.arcrepy@gmail.com;https://ciearcvalois.sportsregions.fr/;Salle Irène Cruypenninck;Rue des cedres;60800;CREPY EN VALOIS;2.89273;49.22474;;Validée;77414
07/11/2026;08/11/2026;TIR EN SALLE 2X18 M;MARLY;0759111;ASSOC. DES ARCHERS DE MARLY;CR07;590;Tir à 18m;individuel;2027;florent.fareneau@wanadoo.fr;https://www.archersdemarly.fr;Salle du Caillou;Rue des violettes;59770;MARLY;;;;Validée;77713
07/11/2026;08/11/2026;TIR EN SALLE;CHAMBLY;0760146;CIE D'ARC DE CHAMBLY;CR07;600;Tir à 18m;individuel;2027;president@chamblyarc.fr;http://chamblyarc.fr;Gymnase Aristide Briand;135 Avenue Aristide Briand;60230;CHAMBLY;2.24926;49.16488;;Validée;77875
07/11/2026;08/11/2026;CONCOURS SALLE TARGET MASSY;MASSY 91;0891169;ARCHERS DE MASSY;CR08;910;Tir à 18m;individuel;2027;president@archers-massy.com;https://www.archers-massy.com/;gymnase de villaine;15 Rue georges mandel;91300;MASSY;2.25316;48.73623;;Validée;77786
07/11/2026;08/11/2026;TIR À 18M SALLE AUTOMNE 2026;LAGNY SUR MARNE;0877078;CIE D'ARC DE LAGNY;CR08;770;Tir à 18m;individuel;2027;cie.arc.lagny@free.fr;http://www.ciearclagny.fr;Gymnase MONTCHARMONT;74  Avenue Georges Clémenceau;77400;LAGNY SUR MARNE;2.72215;48.87853;;Validée;79245
07/11/2026;08/11/2026;TIR À 18M SALLE AUTOMNE 2026;LAGNY SUR MARNE;0877078;CIE D'ARC DE LAGNY;CR08;770;Para-tir à l'arc à 18m;individuel;2027;;;;;;;;;;Validée;79246
07/11/2026;09/11/2026;PRIX GÉNÉRAL 1/3;ERMONT;0895280;COMPAGNIE D'ARC D'ERMONT;CR08;950;Tir Beursault;individuel;2027;ciearcermont@gmail.com;https://arcermont.fr;Stade Raoul Dautry;105 Rue  de St Gratien;95120;ERMONT;2.26235;48.97907;;Validée;78720
07/11/2026;08/11/2026;CONCOURS SALLE NOV 2026;ERAGNY SUR OISE;0895276;A.S. DES ARCHERS D'ERAGNY SUR OISE;CR08;950;Tir à 18m;individuel;2027;ptruffier@outlook.com;http://www.archers-eragny.com;Gymnase de la butte;85 Rue de pierrelaye;95610;ERAGNY;2.11266;49.02129;;Validée;78860
07/11/2026;08/11/2026;STAR 2 X 18M;RUEIL MALMAISON;0892193;S.T.A.R.;CR08;920;Tir à 18m;individuel;2027;christiandelobelle@gmail.com;http://www.rueil-star.com;gymnase du Vertbois;66 Rue de la Jonchère;92500;RUEIL MALMAISON;;;;Validée;79203
07/11/2026;08/11/2026;CONCOURS SALLE 2X18M;AGNEAUX;0950066;FRANCS ARCHERS D'AGNEAUX;CR09;500;Tir à 18m;individuel;2027;francsarchersagneaux@gmail.com;;SALLE OMNISPORTS;21 Avenue  SAINTE MARIE;50180;AGNEAUX;-1.11909;49.11705;;Validée;77926
07/11/2026;08/11/2026;CONCOURS SALLE 18M;COURSEULLES SUR MER;0914005;LES ARCHERS DE LA SEULLES;CR09;140;Tir à 18m;individuel;2027;archers.seulles@yahoo.fr;http://club.sportsregions.fr/archers-seulles/;"SALLE DE L&apos;EDIT";"Rue DE L&apos;EDIT";14470;COURSEULLES SUR MER;-0.44417;49.33162;;Validée;78514
07/11/2026;08/11/2026;TIR A 18M CIE LES ANDELYS;LES ANDELYS;0927031;CIE D'ARC LES ANDELYS;CR09;270;Tir à 18m;individuel;2027;regis@ampformation.com;;Gymnase Daniel Houssays;Rue lavoisier;27700;LES ANDELYS;1.43882;49.24757;;Validée;78868
07/11/2026;08/11/2026;TIR A 18M CIE LES ANDELYS;LES ANDELYS;0927031;CIE D'ARC LES ANDELYS;CR09;270;Para-tir à l'arc à 18m;individuel;2027;;;;;;;;;;Validée;78869
07/11/2026;08/11/2026;"CONCOURS SALLE D&apos;AUMALE";AUMALE;0976113;E.S.A.CIE DES ARCHERS AUMALOIS;CR09;760;Tir à 18m;individuel;2027;fredericbredel@gmail.com;http://compagnie-archers-aumalois.fr/;"Salle des sports d&apos;Aumale";Rue Jules Ferry;76390;AUMALE;1.749;49.77164;;Validée;77187
07/11/2026;08/11/2026;"CONCOURS SALLE D&apos;AUMALE";AUMALE;0976113;E.S.A.CIE DES ARCHERS AUMALOIS;CR09;760;Para-tir à l'arc à 18m;individuel;2027;fredericbredel@gmail.com;http://compagnie-archers-aumalois.fr/;Salle des sports;Rue Jules Ferry;76390;AUMALE;1.749;49.77171;;Validée;77188
07/11/2026;08/11/2026;CONCOURS SALLE PARA 18M;COURSEULLES SUR MER;0914005;LES ARCHERS DE LA SEULLES;CR09;140;Tir à 18m;individuel;2027;archers.seulles@yahoo.fr;http://club.sportsregions.fr/archers-seulles/;"SALLE DE L&apos;EDIT";Avenue DE LA LIBERATION;14;COURSEULLES SUR MER;;;;Validée;79422
07/11/2026;08/11/2026;CONCOURS SALLE PARA 18M;COURSEULLES SUR MER;0914005;LES ARCHERS DE LA SEULLES;CR09;140;Para-tir à l'arc à 18m;individuel;2027;;;;;;;;;;Validée;79423
07/11/2026;08/11/2026;CONCOURS SELECTIF 2X18M - THOUARS;ST VARENT;1079186;COMPAGNIE DES ARCHERS DE LA TREMOÎLLE;CR10;790;Tir à 18m;individuel;2027;patrick.boinot@archersdelatremoille.fr;http://archersdelatremoille.fr;Salle Omnisports;39 Avenue Des platanes;79330;ST VARENT;-0.2426;46.89696;;Validée;77947
07/11/2026;08/11/2026;TIR SALLE 2X18M;LAA-MONDRANS;1064162;L'ARC MONDRANS;CR10;640;Tir à 18m;individuel;2027;larcmondrans.concours@gmail.com;;SALLE POLYVALENTE;Chemin PERROT;64300;LAA MONDRANS;-0.76686;43.45199;;Validée;78153
07/11/2026;07/11/2026;CONCOURS SALLE;BOE;1047144;ARCHERS DE BOE;CR10;470;Tir à 18m;individuel;2027;jean.marie.tovo@gmail.com;;LES ARCHERS DE BOE;78 Avenue FRANÇOIS MITTERRAND;47550;BOE;0.65617;44.17177;;Validée;78251
07/11/2026;08/11/2026;CONCOURS 2X18 M MÉRIGNAC;MÉRIGNAC;1033111;LES ARCHERS DU SAM;CR10;330;Tir à 18m;individuel;2027;bruno.beatrice@wanadoo.fr;http://club.sportsregions.fr/samarc;Complexe Daniel Colombier;12 Allée des acacias;33700;MERIGNAC;-0.68282;44.83753;;Validée;77230
07/11/2026;07/11/2026;PARTENARIAT JEUX;MARMANDE;1047147;ARCHERS CLUB MARMANDAIS;CR10;470;Loisirs Débutant et confirmé;individuel;2027;acm47@free.fr;http://acm47.clubeo.com/;Salle de sport;Avenue commandant Christian Baylac;47200;MARMANDE;0.17585;44.50092;;Validée;77309
07/11/2026;08/11/2026;TIR BEURSAULT;COGNAC;1016007;1ERE CIE D'ARCHERS DE COGNAC;CR10;160;Tir Beursault;individuel;2027;president@archers-cognac.com;http://www.archers-cognac.com;"Jeu d&apos;arc";Route Porte Fâchée;16100;BOUTIERS ST TROJAN;-0.30565;45.71308;;Validée;77730
07/11/2026;08/11/2026;TIR SALLE 18 M;SOUILLAC;1146144;LES ARCHERS DU PAYS DE SOUILLAC;CR11;460;Tir à 18m;individuel;2027;pages.brigitte14@orange.fr;http://arcsouillac.sportsregions.fr/;Palais des congrés;Rue du MAQUIS;46200;SOUILLAC;1.48373;44.89493;;Validée;77261
07/11/2026;08/11/2026;TIR SALLE 18 M;SOUILLAC;1146144;LES ARCHERS DU PAYS DE SOUILLAC;CR11;460;Para-tir à l'arc à 18m;individuel;2027;;;;;;;;;;Validée;77262
07/11/2026;08/11/2026;CONCOURS EN SALLE ALV3M;LATTES;1134123;ARC LAT'VEDAS;CR11;340;Tir à 18m;individuel;2027;inscriptions@arclatvedas.fr;http://arclatvedas.fr;Gymnase Georges Brassens;161 Rue des roselières;34970;LATTES;3.89858;43.56674;;Validée;77441
07/11/2026;08/11/2026;2X18 NOVEMBRE;BLAGNAC;1131080;ARC CLUB DE BLAGNAC;CR11;310;Tir à 18m;individuel;2027;contact@arc-club-blagnac.fr;https://www.arc-club-blagnac.fr/;salles municipales de naudin;27 Chemin du moulin de naudin;31700;BLAGNAC;1.38625;43.65173;;Validée;78193
07/11/2026;08/11/2026;SPECI FEMININ;BRESSOLS;1182213;LES ARCHERS BRESSOLAIS;CR11;820;Tir à 18m;individuel;2027;club@archersbressolais.fr;https://archersbressolais.fr/;Salle polyvalente;Route Route de lavaur;82710;BRESSOLS;1.33991;43.96451;;Validée;78544
07/11/2026;08/11/2026;2X18M;NIMES;1130041;ARC CLUB DE NIMES;CR11;300;Tir à 18m;individuel;2027;contact@arcclubdenimes.com;http://www.arcclubdenimes.com;"STADE DE L&apos;ASSOMPTION";8 Rue MARCEL PELLISSIER;30000;NIMES;;;;Validée;79023
07/11/2026;07/11/2026;CHALLENGE CHAIRMARTIN;ECOUFLANT;1249071;ARC ECOUFLANT;CR12;490;Loisirs Débutant;individuel;2027;club@arcecouflant.fr;https://arcecouflant.fr/;Complexe Simone Signoret;Rue Simone Signoret;49000;ECOUFLANT;-0.51524;47.49844;;Validée;78908
07/11/2026;07/11/2026;CONCOURS NATURE;BOULOIRE;1272093;CIE ARCHERS BOIS DES VALLEES;CR12;720;Tir Nature;individuel;2027;archersduboisdesvallees@gmail.com;;Les Pouvardières;Chemin La pouvardière à la courbe;72440;BOULOIRE;0.57554;47.96452;;Validée;79185
07/11/2026;08/11/2026;CONCOURS SALLE 18 M;SAINT-NAZAIRE;1244024;LES ARCHERS NAZAIRIENS;CR12;440;Tir à 18m;individuel;2027;throy@orange.fr;https://archersnazairiens.fr/;gymnase Jean Fabry;152-154 Boulevard broodcoorens;44600;ST NAZAIRE;-2.24478;47.26884;;Validée;79256
07/11/2026;08/11/2026;TIR EN SALLE 18M;LE GENEST SAINT ISLE;1253081;UNION SPORTIVE GENESTOISE;CR12;530;Tir à 18m;individuel;2027;emiliemoreau53@yahoo.fr;;ESPACE Roger JANVIER;Chemin de pinnceloup;53940;LE GENEST ST ISLE;-0.88817;48.10074;;Validée;79346
07/11/2026;08/11/2026;TIR EN SALLE 18M;LE GENEST SAINT ISLE;1253081;UNION SPORTIVE GENESTOISE;CR12;530;Para-tir à l'arc à 18m;individuel;2027;;;;;;;;;;Validée;79347
07/11/2026;08/11/2026;TIR EN SALLE 2X18M;BEAUPREAU EN MAUGES;1249054;LA FLECHE AU COEUR DES MAUGES;CR12;490;Tir à 18m;individuel;2027;infos@tiralarc-beaupreau.fr;http://www.tiralarc-beaupreau.fr/;salle Omnisport de la Promenade;"Route de l&apos;hippodrome";49600;BEAUPREAU;-0.9936;47.19362;;Validée;77338
07/11/2026;08/11/2026;CLISSON-TAS 2027;CLISSON;1244004;CIE D'ARC OLIVIER DE CLISSON;CR12;440;Para-tir à l'arc à 18m;individuel;2027;ciearcolison@orange.fr;;Gymnase Cacault;Place Esplanade de Klettgau;44190;CLISSON;-1.28855;47.09314;;Validée;77477
07/11/2026;08/11/2026;CLISSON-TAS 2027;CLISSON;1244004;CIE D'ARC OLIVIER DE CLISSON;CR12;440;Tir à 18m;individuel;2027;ciearcolison@orange.fr;;Gymnase Cacault;Place Esplanade de Klettgau;44190;CLISSON;-1.28855;47.09314;;Validée;77483
07/11/2026;08/11/2026;CLISSON-TAS 2027;CLISSON;1244004;CIE D'ARC OLIVIER DE CLISSON;CR12;440;Para-tir à l'arc à 18m;individuel;2027;;;;;;;;;;Validée;77484
07/11/2026;08/11/2026;CONCOURS NOVEMBRE;SILLÉ LE GUILLAUME;1272109;COMPAGNIE DES ARCHERS DE SILLE;CR12;720;Tir à 18m;individuel;2027;nathaliebecu@wanadoo.fr;https://les-archers-de-sille.jimdosite.com;Salle de la Métallerie;209 Rue Marcel Tabur;72140;SILLE LE GUILLAUME;-0.14927;48.17502;;Validée;77801
07/11/2026;08/11/2026;CONCOURS NOVEMBRE;SILLÉ LE GUILLAUME;1272109;COMPAGNIE DES ARCHERS DE SILLE;CR12;720;Para-tir à l'arc à 18m;individuel;2027;;;;;;;;;;Validée;77802
07/11/2026;08/11/2026;TIR 18M;CHATEAURENARD;1313046;LES ARCHERS DE CHATEAU-RENARD;CR13;130;Tir à 18m;individuel;2027;lesarchersdechateau-renard@hotmail.fr;https://lesarchersdechateaurenard.sportsregions.fr/;salle belle lorente;Boulevard pierre de courbertin;13160;CHATEAURENARD;-1.58698;47.22811;;Validée;77739
07/11/2026;08/11/2026;COMPÉTITION EN SALLE DE LA FLECHE CATURIGE;LA BATIE NEUVE;1305157;LA FLECHE CATURIGE;CR13;050;Tir à 18m;individuel;2027;steph05@orange.fr;https://laflechecaturige.sportsregions.fr;Gymnase du Collège S. Veil;500 Avenue François Mitterand;05230;LA BATIE NEUVE;6.20119;44.56419;;Validée;78679
07/11/2026;08/11/2026;CONCOURS SALLE;83520;1383120;CIE TIR A L'ARC ROQUEBRUNE-LES ISSAMBRES;CR13;830;Tir à 18m;individuel;2027;rocarcher50@gmail.com;;salle omnisports Calandri;Passage john fitzgerarld Kennedy;83520;ROQUEBRUNE SUR ARGENS;6.63981;43.44281;;Validée;78872
07/11/2026;08/11/2026;TIR 18M;CHATEAURENARD;1313046;LES ARCHERS DE CHATEAU-RENARD;CR13;130;Para-tir à l'arc à 18m;individuel;2027;;;;;;;;;;Validée;79797
07/11/2026;08/11/2026;"TIR A L&apos;ARC EN SALLE 18M";NICE;1306041;LES FRANCS ARCHERS DE NICE COTE D'AZUR;CR13;060;Para-tir à l'arc à 18m;individuel;2027;;;;;;;;;;Validée;79877
07/11/2026;08/11/2026;"TIR A L&apos;ARC EN SALLE 18M";NICE;1306041;LES FRANCS ARCHERS DE NICE COTE D'AZUR;CR13;060;Tir à 18m;individuel;2027;president@francsarchersnice.fr;http://www.francsarchersnice.fr;STAPS;261 Boulevard du Mercantour;06200;NICE;7.19433;43.6915;;Validée;79878
08/09/2026;08/09/2026;SOIREE DECOUVERTE 2027;LYON;0169188;LES LIONS DU 8EME;CR01;690;Loisirs Débutant;individuel;2027;contact@leslionsdu8.fr;http://www.leslionsdu8.fr;GYMNASE NELSON PAILLOU;23 Avenue francis de pressensé;69008;LYON 08;4.86045;45.72978;;Validée;77551
08/11/2026;08/11/2026;TIR EN SALLE;AURILLAC;0115056;ARCHERS DU STADE AURILLACOIS;CR01;150;Tir à 18m;individuel;2027;archerstadeaurillacois@gmail.com;http://club.sportsregions.fr/stadeaurillacois;gymnase marie marving;Avenue du dr jean chanal;15000;AURILLAC;2.45734;44.93995;;Validée;77575
08/11/2026;08/11/2026;FITA SALLE;LEZOUX;0163152;LEZOUX ARC RACING CLUB;CR01;630;Tir à 18m;individuel;2027;tricole@orange.fr;https://lezouxarcracingclub.sportsregions.fr/;gymnase du Vernadel;Chemin des Charretiers;63190;LEZOUX;3.39301;45.83647;;Validée;79090
08/11/2026;08/11/2026;MEHNIR CUP;RENNES;0335067;COMPAGNIE D'ARCHERS DE RENNES;CR03;350;Loisirs Débutant et confirmé;individuel;2027;contact@archersderennes.com;http://www.archersderennes.com;"SALLE DE TIR A L&apos;ARC";8 Avenue des Gayeulles;35700;RENNES;-1.65059;48.13322;;Validée;78776
08/11/2026;08/11/2026;"3D PLOEUC L&apos;HERMITAGE";"PLOEUC-L&apos;HERMITAGE";0322008;GROUPEMENT DES ARCHERS GALLO;CR03;220;Tir 3D;individuel;2027;lysiane.postic@neuf.fr;http://www.archersgallos.fr;Hangar;Allée Espace Henri Bozec;22150;"PLOEUC-LAPOS;HERMITAGE";;;;Validée;79343
08/11/2026;08/11/2026;TIR À 18M;QUIMPER;0329049;CIE ARCHERS DE L'ODET;CR03;290;Tir à 18m;individuel;2027;gloanec.patrick@outlook.fr;http://www.archers-odet.com;Salle de sport;Allée André Derrien;29000;QUIMPER;-4.12745;47.99372;;Validée;77240
08/11/2026;08/11/2026;FITA SALLE;MALESHERBES;0445145;CLUB DES ARCHERS DU MALESHERBOIS;CR04;450;Tir à 18m;individuel;2027;elodie.barillot@outlook.fr;https://www.cam-tirarc.fr/;Gymnase Yannick Souvre;Rue Rue de Vauluizard;45330;MALESHERBES;2.39548;48.28697;;Validée;77760
08/11/2026;08/11/2026;FITA SALLE;MALESHERBES;0445145;CLUB DES ARCHERS DU MALESHERBOIS;CR04;450;Para-tir à l'arc à 18m;individuel;2027;elodie.barillot@outlook.fr;https://www.cam-tirarc.fr/;Gymnase Yannick Souvre;Rue Rue de Vauluizard;45330;MALESHERBES;2.39533;48.28707;;Validée;77761
08/11/2026;08/11/2026;FITA SALLE;BELLEVILLE SUR LOIRE;0418004;LES ARCHERS DE BELLEVILLE SUR LOIRE;CR04;180;Tir à 18m;individuel;2027;president@les-archers-de-belleville-sur-loire.fr;http://www.les-archers-de-belleville-sur-loire.fr;Complexe sportif;Rue Du stade;18240;BELLEVILLE SUR LOIRE;2.84483;47.50453;;Validée;78052
08/11/2026;08/11/2026;FITA SALLE;BELLEVILLE SUR LOIRE;0418004;LES ARCHERS DE BELLEVILLE SUR LOIRE;CR04;180;Para-tir à l'arc à 18m;individuel;2027;;;;;;;;;;Validée;78053
08/11/2026;08/11/2026;TIR SALLE À AJACCIO;AJACCIO;052A005;ASPTT AJACCIO;CR05;2A000;Tir à 18m;individuel;2027;tiralarc.asptt.ajaccio@gmail.com;https://ajaccio.asptt.com/activity/tir-a-larc/;Gymnase de Vignetta;"Route de Campo dell&apos;Oro";20000;AJACCIO;8.78168;41.92863;;Validée;78956
08/11/2026;08/11/2026;TIR SALLE À 18M (2 DÉPARTS);SAINT-DIZIER;0652062;LA FLECHE BRAGARDE;CR06;520;Tir à 18m;individuel;2027;dormont.philippe@orange.fr;http://laflechebragarde.e-monsite.com;UJB;21 Avenue du Général Giraud, 52100 Saint-Dizier, France Avenue 21 Avenue du Général Giraud, 52100 Saint-Dizier, France;52100;ST DIZIER;4.95309;48.62857;;Validée;78646
08/11/2026;08/11/2026;TIR SALLE À 18M (2 DÉPARTS);SAINT-DIZIER;0652062;LA FLECHE BRAGARDE;CR06;520;Para-tir à l'arc à 18m;individuel;2027;;;;;;;;;;Validée;78647
08/11/2026;08/11/2026;3D SPINAPARC EPINAL - CD88;EPINAL;0688204;1ERE CIE D'ARCHERS D'EPINAL;CR06;880;Tir 3D;individuel;2027;francois.perrin2@sfr.fr;http://arc-epinal.fr;Spinaparc;Rue De la quarante semaine;88000;EPINAL;6.46827;48.16424;;Validée;79740
08/11/2026;08/11/2026;CONCOURS TIR 3D;PRÉAUX;0976104;LES ARCHERS DE PREAUX;CR09;760;Tir 3D;individuel;2027;club.preaux76@laposte.net;https://www.arcpreaux.org/;Maison du bois;"Route d&apos;Isneauville";76160;PREAUX;1.203;49.49364;;Validée;77635
08/11/2026;08/11/2026;SALLE 081126;PONTENX LES FORGES;1040118;CIE D'ARCHERS PONTENX LES FORGES;CR10;400;Tir à 18m;individuel;2027;decamps.d40@gmail.com;archersdepontenx@gmail.com;Salle de Sport;Place Charles de Gaulle;40200;PONTENX LES FORGES;-1.12219;44.24083;;Validée;77371
08/11/2026;08/11/2026;CONCOURS NATURE ALF - 2 DÉPARTS;PERISSAC;1033077;ARCHERS DE LA LANDE DE FRONSAC;CR10;330;Tir Nature;individuel;2027;alfarchers@gmail.com;http://www.lesarchersdelalandedefronsac.fr/;LE PUY;Chemin LE PUY;33240;PERISSAC;;;;Validée;78056
08/11/2026;08/11/2026;CONCOURS 18 MÈTRES;GYMNASE JEAN ZAY LA ROCHE-CHALAIS;1024058;LES ARCHERS DE LA DOUBLE;CR10;240;Tir à 18m;individuel;2027;archersdeladouble@orange.fr;;Gymnase Jean Zay;Avenue de la double;24490;LA ROCHE CHALAIS;0.01572;45.1479;;Validée;78241
08/11/2026;08/11/2026;TIR À 18M;SAINT MARTIN DE RÉ;1017032;ARCHERS DE RE;CR10;170;Tir à 18m;individuel;2027;archersdere@free.fr;http://archersdere.fr;complexe sportif Marcel Gaillard;36 Avenue de philippsburg;17410;ST MARTIN DE RE;-1.35626;46.19526;;Validée;78341
08/11/2026;08/11/2026;18M SAINTE MARIE 66;SAINTE MARIE;1166183;ARCHERS ST MARINOIS;CR11;660;Tir à 18m;individuel;2027;romaric2c@gmail.com;;complexe sportif du canigo;Chemin cami de Conillac;66320;VINCA;2.53149;42.64857;;Validée;78183
08/11/2026;08/11/2026;18M SAINTE MARIE 66;SAINTE MARIE;1166183;ARCHERS ST MARINOIS;CR11;660;Para-tir à l'arc à 18m;individuel;2027;;;;;;;;;;Validée;78184
08/11/2026;08/11/2026;ACM-NATURE;MONTFERRAND;1111243;ACM-ARC CLUB MONTFERRAND;CR11;110;Tir Nature;individuel;2027;arc.club.montferrand@gmail.com;https://www.facebook.com/profile.php?id=61578806697374;ACM Parcours;Chemin  Janate;11320;MONTFERRAND;1.8459;43.37723;;Validée;77213
08/11/2026;08/11/2026;CONCOURS SALLE 2 X 18 M;CARCASSONNE;1111008;LES ARCHERS DE LA CITE;CR11;110;Tir à 18m;individuel;2027;archer.cite.president@gmail.com;http://archersdelacite.com/;Salle des archers de la Cité;10 Boulevard général Sarrail;11000;CARCASSONNE;2.36625;43.21811;;Validée;77388
08/11/2026;08/11/2026;RENCONTRE DES PRIMEVÈRES;SAINT GERVAIS;1285123;LES ARCHERS DU PAYS DU GOIS;CR12;850;Tir à 18m;individuel;2027;archers-du-pays-du-gois@laposte.net;http://www.archersdupaysdugois.wordpress.com;Salle des Primevères;Rue des Primevères;85230;BEAUVOIR SUR MER;-1.99984;46.90079;;Validée;77461
08/11/2026;08/11/2026;CONCOURS ECOUFLANT TIR EN SALLE;ÉCOUFLANT;1249067;MONTREUIL JUIGNE TIR A L'ARC;CR12;490;Tir à 18m;individuel;2027;club@arecouflant.fr;http://www.arcecouflant.fr/;"Complexe d&apos;Eventard";Rue Simone Signoret;49000;ECOUFLANT;-0.51518;47.49867;;Validée;79151
09/09/2026;09/09/2026;JOURNEE DECOUVERTE;SAINTE JULIE;0101020;ARC CLUB PLAINE DE L'AIN SAINTE JULIE;CR01;010;Loisirs Débutant et confirmé;individuel;2026;syllagarde@free.fr;http://acpa-sainte-julie.sportsregions.fr/;Terrain Ste julie;Chemin de charmes rondes;01150;STE JULIE;5.28532;45.88394;;Validée;75631
09/10/2026;11/10/2026;"COUPE D&apos;EUROPE RUN ARCHERIE";WROCLAW - POLOGNE;0;Fédération Française de Tir à l'Arc;;;Run archery;individuel;2026;ffta@ffta.fr;https://www.ffta.fr;;;;;;;;Validée;74834
09/10/2026;09/10/2026;"COMPÉTITION 18 M ""OCTOBRE ROSE""";KERVIGNAC;0356098;ARCHERS DE KERVIGNAC;CR03;560;Tir à 18m;individuel;2027;archers.kervignac@gmail.com;https://www.archers-kervignac.fr/;salle 1 complexe sportif;Allée des sports;56700;KERVIGNAC;-3.24279;47.75917;;Validée;78291
09/10/2026;11/10/2026;CONCOURS BEURSAULT;PONTOISE;0895289;CIE ARCHERS DE PONTOISE;CR08;950;Tir Beursault;individuel;2027;sandrine.keerstock@sfr.fr;http://www.arcpontoise.fr/;"JEU D&apos;ARC";1  Rue PIERRE DE COUBERTIN;95300;PONTOISE;2.08501;49.04467;;Validée;78957
10/09/2026;10/09/2026;SOIREE DECOUVERTE 2027 - 2;LYON;0169188;LES LIONS DU 8EME;CR01;690;Loisirs Débutant et confirmé;individuel;2027;contact@leslionsdu8.fr;http://www.leslionsdu8.fr;GYMNASE NELSON PAILLOU;23 Avenue francis de pressensé;69008;LYON 08;4.86045;45.72978;;Validée;77553
10/10/2026;10/10/2026;3D EYBENS;EYBENS TERRAIN EXTERIEUR;0138090;LES ARCHERS DU CHATEAU D'EYBENS;CR01;380;Tir 3D;individuel;2027;archersduchateau@gmail.com;http://www.lesarchersdeybens.fr;terrain entrainement exterieur;51 Rue paul mistral;38320;EYBENS;5.75651;45.14934;;Validée;78502
10/10/2026;11/10/2026;2X18M (3 DEPARTS);MONTCEAU LES MINES;0271086;ARC CLUB MONTCEAU BOURGOGNE;CR02;710;Tir à 18m;individuel;2027;fabien.bosset@gmail.com;http://www.arc-club-montceau.net;BOULODROME SALENGRO;Rue MANSARD;71300;MONTCEAU LES MINES;4.35608;46.66549;;Validée;79284
10/10/2026;11/10/2026;2X18M OCTOBRE 2026;LONS LE SAUNIER;0239052;1ERE CIE DES ARCHERS DE MONTCIEL;CR02;390;Tir à 18m;individuel;2027;lesarchersdemontciel@gmail.com;https://www.lesarchersdemontciel.fr;salle d / boulodrome municipal;Rue du stade municipal;39000;LONS LE SAUNIER;5.56122;46.67055;;Validée;79525
10/10/2026;10/10/2026;2*18 M ORLÉANS;ORLÉANS;0445129;ORLEANS 1ERE CIE D'ARC;CR04;450;Tir à 18m;individuel;2027;tiralarc.orleans1@orange.fr;https://tiralarc-orleans1.sportsregions.fr/;Gymnase de la Bolière;6 Rue Vincent Auriol;45100;LA SOURCE;1.93312;47.83203;;Validée;79529
10/10/2026;10/10/2026;2*18 M ORLÉANS;ORLÉANS;0445129;ORLEANS 1ERE CIE D'ARC;CR04;450;Para-tir à l'arc à 18m;individuel;2027;;;;;;;;;;Validée;79530
10/10/2026;11/10/2026;CHALENGE CLEMENTINE;BASTIA;052B009;COMPAGNIE D'ARC BASTIA;CR05;2B000;Tir à 18m;individuel;2027;jmpierantoni@aol.com;;"cosec de l&apos;arinella";5 Avenue paul giacobbi;20600;BASTIA;9.44243;42.67065;;Validée;79265
10/10/2026;11/10/2026;CONCOURS SALLE - BOULIGNY;BOULIGNY;0655103;ARC CLUB BOULIGNY;CR06;550;Tir à 18m;individuel;2027;arcbouligny@gmail.com;;GYMNASE DE BOULIGNY;19 Rue DU 19 MARS 1962;55240;BOULIGNY;5.73464;49.29524;;Validée;77232
10/10/2026;11/10/2026;CONCOURS DE LA RENTRÉE;RETHEL;0608005;RETHEL SPORTIF TIR A L'ARC;CR06;080;Tir à 18m;individuel;2027;daniel.boizet-diancourt@wanadoo.fr;"de l&apos;Agriculture";Salle AGORA;"Rue de l&apos;Agriculture";08300;RETHEL;4.36595;49.51455;;Validée;77587
10/10/2026;11/10/2026;"CONCOURS D&apos;AUTOMNE 3 DÉPARTS";SARREBOURG;0657131;PREMIERE COMPAGNIE D'ARC DE SARREBOURG;CR06;570;Tir à 18m;individuel;2027;christian-drut@wanadoo.fr;;Gymnase Malleray;"Rue de l&apos;Auvergne";57400;SARREBOURG;7.05535;48.73138;;Validée;77639
10/10/2026;11/10/2026;TIR SALLE SOISSONS OCTOBRE 2026;SOISSONS;0702009;COMPAGNIE D'ARC DE SOISSONS;CR07;020;Tir à 18m;individuel;2027;arnaud.jacquemin.02@gmail.com;http://arc-soissons.com;Gymnase Lamartine;Boulevard Raymond Poincarré;02200;SOISSONS;3.31173;49.38551;;Validée;77579
10/10/2026;11/10/2026;CONCOURS SELECTIF AUX CHAMPIONNATS DE FRANCE 2 X 18 METRES;NEUVILLE EN FERRAIN;0759126;LES AMIS DE ROBIN;CR07;590;Tir à 18m;individuel;2027;Cedric.vossaers@orange.fr;http://www.lesamisderobin.fr;Complexe sportif depoortere;Rue Du christ;59960;NEUVILLE EN FERRAIN;3.16772;50.74929;;Validée;77726
10/10/2026;10/10/2026;"NATURE D&apos;AUTOMNE";"BOIS D&apos;ARCY";0878120;A.S.B.A TIR A L'ARC;CR08;780;Tir Nature;individuel;2027;concours.asbatiralarc@gmail.com;http://www.asbatiralarc.fr;Terrain des Roches;Route D4;28130;VILLIERS LE MORHIER;1.60248;48.63593;https://extranet.ffta.fr/medias/documents_epreuves/110327832c78ea.pdf;Validée;77317
10/10/2026;11/10/2026;CONCOURS SALLE SANNOIS 2X18;SANNOIS;0895274;LA FLECHE SANNOISIENNE;CR08;950;Tir à 18m;individuel;2027;laflechesannoisienne95@gmail.com;https://laflechesannoisienne.fr;Plalais des sports JC Bouttier;Rue 88 rue du poirier baron;95110;SANNOIS;2.2422;48.9789;;Validée;78887
10/10/2026;11/10/2026;CONCOURS SALLE MAISONS-LAFFITTE;MAISONS-LAFFITTE;0878115;CIE D'ARC DE MAISONS LAFFITTE;CR08;780;Tir à 18m;individuel;2027;archer@kmonteil.fr;https://archersmaisonslaffitte.net;Gymnase Colbert;3 Avenue Beaumarchais;78600;MAISONS LAFFITTE;2.16219;48.95626;https://extranet.ffta.fr/medias/documents_epreuves/1106af03eb9e52.pdf;Validée;78937
10/10/2026;11/10/2026;PRIX GÉNÉRAL;MARLY LA VILLE;0895282;CIE D'ARC DE MARLY LA VILLE;CR08;950;Tir Beursault;individuel;2027;Capitaine@cie-arc-marlylaville.fr;http://cie-rc-marlylaville.fr;Jeu d’arc jean-Claude  le layour;10 Chemin De Fosses;95670;MARLY LA VILLE;2.49;49.09344;;Validée;79038
10/10/2026;10/10/2026;LOISIR PERSONNES EN SITUATION DE HANDICAP;DONVILLE LES BAINS;0950059;LES ARCHERS DONVILLAIS;CR09;500;Loisirs Débutant;individuel;2027;gerardvanderperre0347@gmail.com;http://lesarchersdonvillais.clubeo.com;HALLE DES SPORTS;8 - 14 Rue DE LA PASSARDIERE;50350;DONVILLE LES BAINS;-1.57323;48.84811;;Validée;77621
10/10/2026;10/10/2026;PARTENARIAT JEUX;MARMANDE;1047147;ARCHERS CLUB MARMANDAIS;CR10;470;Loisirs Débutant et confirmé;individuel;2027;acm47@free.fr;http://acm47.clubeo.com/;Salle de sport;Avenue commandant Christian Baylac;47200;MARMANDE;0.17585;44.50089;;Validée;77308
10/10/2026;10/10/2026;OCTOBRE ROSE;MARMANDE;1047147;ARCHERS CLUB MARMANDAIS;CR10;470;Loisirs Débutant et confirmé;individuel;2027;acm47@free.fr;http://acm47.clubeo.com/;Salle de sport;Avenue commandant Christian Baylac;47200;MARMANDE;0.17583;44.50093;;Validée;77310
10/10/2026;11/10/2026;SALLE POITIERS OCTOBRE ROSE;POITIERS;1086190;POITIERS LA TOUR A L'OISEAU;CR10;860;Tir à 18m;individuel;2027;cietalo1972@gmail.com;http://arc-poitiers.fr/;"GYMNASE de l&apos;Ermitage";"Rue DE L&apos;ERMITAGE";86000;POITIERS;;;;Validée;79004
10/10/2026;10/10/2026;COUCOURS SALLE 18M;OCCITANIE;1130040;ARC CLUB DE LANGLADE;CR11;300;Tir à 18m;individuel;2027;etienne.maxime31@gmail.com;http://www.arc-club-langlade.fr;Halle des sports Langlade;Impasse De la cabre;30980;LANGLADE;4.24033;43.79921;;Validée;77825
10/10/2026;11/10/2026;CONCOURS SALLE CANDE 10 ET 11 OCT 2026;CANDE;1249047;CIE DES ARCHERS DU S.O CANDEEN;CR12;490;Tir à 18m;individuel;2027;archersdusocande@gmail.com;https://archers-du-so-cande.jimdo.com/;Salle omnisports Roger Loison;Allée Pierre CHARPENTIER;49440;CANDE;-1.02988;47.55827;;Validée;77424
10/10/2026;11/10/2026;CONCOURS SELECTIF SALLE;LE POIRE SUR VIE;1285131;AMICALE DU BEIGNON BASSET;CR12;850;Tir à 18m;individuel;2027;hubertgautierabb@orange.fr;https://www.amicale-beignonbasset.fr/;Salle de sports;6 Rue des Violettes;85170;LE POIRE SUR VIE;-1.42614;46.72744;;Validée;78319
10/10/2026;10/10/2026;TIR 3D MESLINOIS;LOUVERNE;1253072;CIE ST GEORGES DE MESLAY DU MAINE;CR12;530;Tir 3D;individuel;2027;ciestgeorgesmeslay@gmail.com;;ECHOLOGIA;Chemin ECHOLOGIA;53950;LOUVERNE;-0.67859;48.1499;;Validée;79404
10/10/2026;10/10/2026;CAMPAGNE 2027;MORNAS;1384132;ARCHERS DES PRINCES;CR13;840;Tir en Campagne;individuel;2027;arbitrelaecoon@gmail.com;http://www.archers-des-princes.com;les pins;"Chemin DE L&apos;ETANG DE LA MEUNIERE";84550;MORNAS;4.76712;44.22887;;Validée;77195
11/09/2026;13/09/2026;CONCOURS BEURSAULT;MONTMERLE SUR SAONE;0101009;1ERE COMPAGNIE D'ARCHERS MONTMERLE - BELLEVILLE;CR01;010;Tir Beursault;individuel;2026;tiralarc.montmerle@gmail.com;http://archers-montmerle.fr;"Jeu d&apos;arc";Parc des sports;01090;MONTMERLE SUR SAONE;;;https://extranet.ffta.fr/medias/documents_epreuves/1108c624be2bc.pdf;Validée;76113
11/09/2026;11/09/2026;SOIREE DECOUVERTE 2027 - 3;LYON;0169188;LES LIONS DU 8EME;CR01;690;Loisirs Débutant;individuel;2027;contact@leslionsdu8.fr;http://www.leslionsdu8.fr;GYMNASE NELSON PAILLOU;23 Avenue francis de pressensé;69008;LYON 08;4.86045;45.72978;;Validée;77557
11/09/2026;13/09/2026;TIR BEURSAULT;COGNAC;1016007;1ERE CIE D'ARCHERS DE COGNAC;CR10;160;Tir Beursault;individuel;2026;president@archers-cognac.com;http://www.archers-cognac.com;n/a;Rue Porte Fâchée;16100;BOUTIERS ST TROJAN;-0.30565;45.71308;https://extranet.ffta.fr/medias/documents_epreuves/1108ff61297cb6.pdf;Validée;76193
11/10/2026;11/10/2026;CONCOURS CAMPAGNE;SAINT-ETIENNE;0142133;1ERE CIE DES ARCHERS;CR01;420;Tir en Campagne;individuel;2027;communication@archers42.com;http://www.archers42.com;Chateau de la Perrotière;29 Rue des Bruyères;42100;ST ETIENNE;4.44487;45.42925;;Validée;78361
11/10/2026;11/10/2026;3D EYBENS;TERRAIN EXTERIEUR EYBENS;0138090;LES ARCHERS DU CHATEAU D'EYBENS;CR01;380;Tir 3D;individuel;2027;archersduchateau@gmail.com;http://www.lesarchersdeybens.fr;terrain entrainement exterieur;51 Rue paul mistral;38320;EYBENS;5.75651;45.14934;;Validée;78503
11/10/2026;11/10/2026;FITA SALLE;CHAMPAGNAC;0115058;LA FLECHE DE LA SUMENE;CR01;150;Tir à 18m;individuel;2027;fleche.sumene@gmail.com;https://www.flechesumene.free.fr;Hall Tir Arc;Boulevard du Lys;15350;CHAMPAGNAC;2.40525;45.35545;;Validée;78964
11/10/2026;11/10/2026;FITA ORLEANS;ORLEANS;0445129;ORLEANS 1ERE CIE D'ARC;CR04;450;Tir à 18m;individuel;2027;tiralarc.orleans1@orange.fr;https://tiralarc-orleans1.sportsregions.fr/;Gymanse de la Bolière;6 Rue Vincent Auriol;45100;LA SOURCE;1.93312;47.83203;;Validée;79531
11/10/2026;11/10/2026;CONCOURS TIR NATURE OCTOBRE ROSE / CD67;ILLKIRCH-GRAFFENSTADEN;0667154;ASSOCIATION DE TIR A L'ARC ET LOISIRS;CR06;670;Tir Nature;individuel;2027;atal.tiralarc@gmail.com;http://www.arc-comp-loisir.net;1;Chemin de la Lusau;67400;ILLKIRCH GRAFFENSTADEN;7.70372;48.51067;https://extranet.ffta.fr/medias/documents_epreuves/110bd582b34ac4.pdf;Validée;78517
11/10/2026;11/10/2026;NATURE OCTOBRE VILLERS BTX;GENTELLES;0780328;UNION DES ARCHERS - VILLERS BRETONNEUX;CR07;800;Tir Nature;individuel;2027;paulsagueztiralarc@gmail.com;https://union-des-archers-villers-bretonneux.sportsregions.fr/;Bois de la vallée aux loups;Route Amiens-Roye;80440;BOVES;2.43637;49.83705;;Validée;79745
11/10/2026;11/10/2026;ENTRAIDE JOURNEE BAREBOW;NEUILLY SUR MARNE;0893225;ARCHERIE NOCEENNE CLUB;CR08;930;Loisirs Débutant et confirmé;individuel;2027;jeanchesse@me.com;https://kitirou.com;Salle de tir a l’arc;Allée Du roussillon;93330;NEUILLY SUR MARNE;2.53031;48.86615;;Validée;79711
11/10/2026;11/10/2026;NATURE OCTORE ROSE;VILLIERS LE MORHIER;0878120;A.S.B.A TIR A L'ARC;CR08;780;Tir Nature;individuel;2027;concours.asbatiralarc@gmail.com;http://www.asbatiralarc.fr;Terrain des Roches;Route D4;28130;VILLIERS LE MORHIER;1.60247;48.63593;https://extranet.ffta.fr/medias/documents_epreuves/11032793a89ae6.pdf;Validée;77325
11/10/2026;11/10/2026;NATURE CIE ALM EVREUX;BOULAY MORIN;0927050;CIE DES ARCHERS ALM EVREUX;CR09;270;Tir Nature;individuel;2027;caalmevreux@gmail.com;https://www.archers-alm-evreux.com;Terrain;Rue Des grands merisiers;27930;LE BOULAY MORIN;1.19848;49.06845;;Validée;77619
11/10/2026;11/10/2026;CONCOURS NATURE 16;CELLETTES;1016004;LES ARCHERS DU NORD CHARENTE;CR10;160;Tir Nature;individuel;2027;alain.dulucq@neuf.fr;nord-charente.archers@outlook.fr;Usine des Fours à chaux;Rue des fours à chaux;16230;CELLETTES;0.13169;45.87897;;Validée;77751
11/10/2026;11/10/2026;TIR 3D;LA TESTE DE BUCH;1033108;ARCHERS DU BASSIN D'ARCACHON;CR10;330;Tir 3D;individuel;2027;nicolas.rampnoux@free.fr;http://club.sportsregions.fr/arc-bassin-arcachon;"Jardin d&apos;arca andré lamoureur=x";"terrain de Villemarie,  avenue de l&apos;aérodrome Avenue avenue de l&apos;aérodrome";33260;LA TESTE DE BUCH;-1.12233;44.603;;Validée;78082
11/10/2026;11/10/2026;TIR NATURE;AGDE;1134140;CLUB DES ARCHERS VIASSOIS;CR11;340;Tir Nature;individuel;2027;archers.viassois@gmail.com;saint martin;saint martin;saint martin Domaine saint martin;34300;AGDE;3.49856;43.29221;;Validée;78543
11/10/2026;11/10/2026;COUCOURS SALLE 18M;LANGLADE;1130040;ARC CLUB DE LANGLADE;CR11;300;Tir à 18m;individuel;2027;etienne.maxime31@gmail.com;http://www.arc-club-langlade.fr;Halle des sports;264 Impasse De la cabre;30980;LANGLADE;4.24034;43.79924;;Validée;78611
11/10/2026;11/10/2026;CONCOURS NATURE MONTAUBAN;ST ETIENNE DE TULMONT;1182215;LES ARCHERS MONTALBANAIS;CR11;820;Tir Nature;individuel;2027;francoise.agneray@gmail.com;https://sielarc.fr/?club=MONTAUBAN;ESAT POUSINIES;Chemin DE POUSINIES;82161;ST ETIENNE DE TULMONT;;;;Validée;77181
11/10/2026;11/10/2026;MAZAMET 2027;MAZAMET;1181199;LES ARCHERS DE LA MONTAGNE NOIRE;CR11;810;Tir à 18m;individuel;2027;leopolou04@gmail.com;;Palais des Congrès;Rue Jean Assemat;81200;MAZAMET;2.37643;43.49508;;Validée;77563
11/10/2026;11/10/2026;MAZAMET 2027;MAZAMET;1181199;LES ARCHERS DE LA MONTAGNE NOIRE;CR11;810;Para-tir à l'arc à 18m;individuel;2027;;;;;;;;;;Validée;77564
11/10/2026;11/10/2026;CONCOURS SALLE;LA FLECHE;1272098;COMPAGNIE D'ARC DE LA FLECHE;CR12;720;Tir à 18m;individuel;2027;ciearclafeche@gmail.com;https://ciearclafleche.com/;Gymnase de la Monnerie;Allée Des Fromentaux;72200;LA FLECHE;-0.05199;47.69996;;Validée;77535
11/10/2026;11/10/2026;CONCOURS SALLE;LA FLECHE;1272098;COMPAGNIE D'ARC DE LA FLECHE;CR12;720;Para-tir à l'arc à 18m;individuel;2027;;;;;;;;;;Validée;77536
11/10/2026;11/10/2026;CONCOURS SALLE OCTOBRE 2026;LE BIGNON;1244008;LES ARCHERS DU BIGNON;CR12;440;Tir à 18m;individuel;2027;gael.tenailleau@free.fr;https://les-archers-du-bignon.jimdo.com/;Salle de sport;7 Rue du stade;44140;LE BIGNON;-1.48891;47.10067;;Validée;78333
11/10/2026;11/10/2026;TIR 3D GENESTOIS;ECHOLOGIA LOUVERNÉ;1253081;UNION SPORTIVE GENESTOISE;CR12;530;Tir 3D;individuel;2027;essarlio53@gmail.com;;ECHOLOGIA;Chemin ECHOLOGIA;53950;LOUVERNE;-0.72529;48.10666;;Validée;79345
11/10/2026;11/10/2026;NATURE OCT 2026;MORNAS;1384132;ARCHERS DES PRINCES;CR13;840;Tir Nature;individuel;2027;cgie84@wanadoo.fr;http://www.archers-des-princes.com;les pins;"Chemin DE L&apos;ETANG DE LA MEUNIERE";84550;MORNAS;4.76712;44.22887;;Validée;77196
11/10/2026;11/10/2026;CONCOURS NATURE ARCHERS TROIS LUCS A GARDANNE;GARDANNE;1313098;LES ARCHERS DES TROIS LUCS;CR13;130;Tir Nature;individuel;2027;bureau@archersdes3lucs.fr;http://archersdes3lucs.club.sportsregions.fr/;PARCOURS GARDANNE;Chemin SAINTE BAUDILLE;13120;GARDANNE;5.48736;43.43677;https://extranet.ffta.fr/medias/documents_epreuves/110bef14f146f6.pdf;Validée;77571
11/10/2026;11/10/2026;TIR SALLE 01;CAYENNE;CR36;COMITE REGIONAL DE GUYANE;CR36;;Tir à 18m;individuel;2027;cttag973@gmail.com;;HALL ESPACE SPORTIF SERGE MARIGARD;Boulevard BOULEVARD DE LA RÉPUBLIQUE,RUE DES FLORALIES;97300;CAYENNE;-52.32308;4.93815;;Validée;78049
11/10/2026;11/10/2026;COUPE DES MIXTES;FORT-DE-FRANCE;CR39;COMITE REGIONAL DE LA MARTINIQUE;CR39;;Loisirs Débutant et confirmé;individuel;2027;liguearc972@gmail.com;https://www.instagram.com/lmta972/;Stade Louis Achille;Rue Marie-Thérèse Gertrude;97200;FORT DE FRANCE;-61.08467;14.60202;;Validée;79572
11/11/2026;11/11/2026;CONCOURS DU 11 NOVEMBRE 2026;BOURGOIN-JALLIEU;0138085;ARCHERS BERJALLIENS;CR01;380;Tir à 18m;individuel;2027;christophe.piraud@orange.fr;http://www.lesarchersberjalliens.wordpress.com;Palais des sports;161 Avenue Des maroniers;38300;BOURGOIN JALLIEU;5.26539;45.59502;;Validée;78515
11/11/2026;11/11/2026;TIR EN SALLE;LOPERHET;0329030;ARCHERS LOGONNAIS;CR03;290;Tir à 18m;individuel;2027;president@archerslogonnais.fr;https://www.archerslogonnais.fr/;Salle Omnisport;Allée Trimaran;29470;LOPERHET;-4.30615;48.38076;;Validée;77578
11/11/2026;11/11/2026;AMICAL NANCY;NANCY;0654073;1ERE CIE DE TIR A L'ARC DE NANCY;CR06;540;Loisirs Débutant et confirmé;individuel;2027;contact@tiralarcnancy.fr;http://www.tiralarcnancy.fr/;Gymnase Bazin;47 Rue Henri Bazin;54000;NANCY;6.1943;48.69699;;Validée;78366
11/11/2026;11/11/2026;COMPETITION SALLE 18M;MONTIVILLIERS;0976128;ARCHERS DU GRAND COLMOULINS;CR09;760;Tir à 18m;individuel;2027;agc.montivilliers@gmail.com;;Gymnase Jean Prevost;Avenue Jean Prevost;76290;MONTIVILLIERS;0.1756;49.54464;;Validée;78552
11/11/2026;11/11/2026;COMPETITION SALLE 18M;MONTIVILLIERS;0976128;ARCHERS DU GRAND COLMOULINS;CR09;760;Para-tir à l'arc à 18m;individuel;2027;;;;;;;;;;Validée;78553
11/11/2026;11/11/2026;2X18 M CONDOM;CONDOM;1132109;LES ARCHERS DE LA HIRE CONDOM;CR11;320;Tir à 18m;individuel;2027;inscriptions@lesarchersdelahire.fr;http://lesarchersdelahire.fr;Salle omnisport;13 Boulevard 869 Chemin du Goalard;32100;CONDOM;0.37185;43.9603;;Validée;78483
11/11/2026;11/11/2026;CONCOURS JEUNES ET ADULTES DEBUTANTS;AIZENAY;1285133;L'ARCHER CLUB D'AIZENAY;CR12;850;Loisirs Débutant;individuel;2027;arc.aizenay@gmail.com;https://archer-club-aizenay.sportsregions.fr/;ANCIENNE SALLE DE TENNIS;Rue  DU PONT DE QUATRE METRE;85190;AIZENAY;-1.60807;46.73447;;Validée;77671
12/09/2026;13/09/2026;FINALE DE LA COUPE DU MONDE;SALTILLO - MEXIQUE;0;Fédération Française de Tir à l'Arc;;;Tir à l'Arc Extérieur;individuel;2026;ffta@ffta.fr;https://www.ffta.fr;;;;;;;;Validée;76924
12/09/2026;13/09/2026;ARROW-HEAD DU MONT-BLANC 2026;COMBLOUX;0174272;LES ARCHERS DE LA SALLANCHE;CR01;740;Tir en Campagne;individuel;2026;archersdelasallanche@outlook.fr;http://archersdelasallanche.fr;de plan mouille;Sentier de plan mouille;74920;COMBLOUX;6.64978;45.89911;https://extranet.ffta.fr/medias/documents_epreuves/1106ff730dc2cf.pdf;Validée;75460
12/09/2026;13/09/2026;CAMPAGNE CADETS AUXERRE;PONTAGNY;0289091;LES CADETS D'AUXERRE TIR A L'ARC;CR02;890;Tir en Campagne;individuel;2027;d.migli21@orange.fr;;CHATEAU DE PONTAGNY;Rue RUE DE PONTAGNY;89000;AUXERRE;3.67118;47.79929;https://extranet.ffta.fr/medias/documents_epreuves/11071583eb0bbf.pdf;Validée;79746
12/09/2026;13/09/2026;CHAMPIONNAT DE RONDE BEURSAULT;ERMENONVILLE;0760223;1 CIE ARC GD ST MARTIN - ERMENONVILLE;CR07;600;Tir Beursault;individuel;2026;fachternoene@gmail.com;;"1ère CIE D&apos;ARC GRAND ST MARTIN";Chemin De La Mare des Eaux;60950;ERMENONVILLE;2.64185;49.11177;https://extranet.ffta.fr/medias/documents_epreuves/11096b4346012a.pdf;Validée;76659
12/09/2026;12/09/2026;"CHAMPIONNAT DE LA RONDE MUTUELLE DE L&apos;OISE";CLAIROIX;0760149;COMPAGNIE D'ARC DE CLAIROIX;CR07;600;Tir Beursault;individuel;2026;ciearc.clairoix@orange.fr;;"CIE D&apos;ARC DE CLAIROIX";"Rue du Jeu d&apos;Arc";60280;CLAIROIX;2.80247;49.4138;;Validée;76637
12/09/2026;13/09/2026;CHAMPIONNAT INDIVIDUEL;NANTEUIL LE HAUDOUIN;0760224;1ERE CIE D ARC DE NANTEUIL;CR07;600;Tir à l'Arc Extérieur;individuel;2027;nanteuilarc@gmail.com;https://www.nanteuilarc.com/;N.C;9 Rue DE SOISSONS;60440;NANTEUIL LE HAUDOUIN;2.81254;49.14393;;Validée;79666
12/09/2026;12/09/2026;TIR DES VENDANGES;LISSES;0891147;CIE D'ARC DE LISSES;CR08;910;Tir Beursault;individuel;2026;al.vetele@gmail.com;http://compagniearclisses.com;"jeu d&apos;arc Lisses";12 Rue du bel air;91090;LISSES;2.43079;48.5969;;Validée;75758
12/09/2026;13/09/2026;CRITERIUM INTERNATIONAL DE RUN-ARCHERY;VENEUX-LES SABLONS;0877037;ASSL VENEUX LES SABLONS;CR08;770;Run archery;individuel;2026;runarchery.assl@gmail.com;https://assl.fr/;Stade T. Roquette;Rue du Viaduc;77250;MORET LOING  ORVANNE;2.80673;48.37712;https://extranet.ffta.fr/medias/documents_epreuves/110400c21b6dc0.pdf;Validée;76466
12/09/2026;13/09/2026;TIR BEURSAULT;MONTREUIL;0893214;1ERE CIE ARC MONTREUIL;CR08;930;Tir Beursault;individuel;2026;concours.montreuil@gmail.com;http://1ciearcmontreuil.fr;Compagnie;14 Rue Gaston Lauriau;93100;MONTREUIL;2.44427;48.86028;https://extranet.ffta.fr/medias/documents_epreuves/10e42033d6e3ae.pdf;Validée;75034
12/09/2026;12/09/2026;CHAMPIONNAT REGIONAL TIR BEURSAULT;CONDOM;1132109;LES ARCHERS DE LA HIRE CONDOM;CR11;320;Tir Beursault;individuel;2026;contact@lesarchersdelahire.fr;http://lesarchersdelahire.fr;;;;;;;https://extranet.ffta.fr/medias/documents_epreuves/110c3912a74022.pdf;Validée;77107
12/09/2026;13/09/2026;TELETHON 2026 TIR EN SALLE A 18M;CHATEAU ARNOUX;1304013;LES ARCHERS DU SOLEIL;CR13;040;Loisirs Débutant et confirmé;individuel;2027;archersdusoleil@gmail.com;http://archers-du-soleil.club.sportsregions.fr/;ESPACE JOSE ESCANEZ;Avenue DES LAUZIERES;04160;CHATEAU ARNOUX ST AUBAN;6.00447;44.08532;https://extranet.ffta.fr/medias/documents_epreuves/11084271628f05.pdf;Validée;78704
12/09/2026;12/09/2026;COMPÉTITION JEUNE;PAITA;3899010;LES ARCHERS DE PAITA;CR38;992;Loisirs Confirmé;individuel;2026;lesarchersdepaita@lagoon.nc;https://lesarchersdepaita.wixsite.com;Terrain club Paita;;98889;;;;;Validée;77034
12/11/2026;12/11/2026;CRITÉRIUM LISU;CHENNEVIÈRES;93000;COMITE DEPARTEMENTAL SEINE ST DENIS;CR08;930;Tir à 18m;individuel;2027;gilberthavel@aol.com;http://www.tiralarc-cd93.fr;CTSARC;Avenue Champlain;94430;CHENNEVIERES SUR MARNE;;;;Validée;78762
13/09/2026;13/09/2026;TIR DU ROY;YZEURE;0103025;CIE D'ARC D'YZEURE;CR01;030;Loisirs Débutant et confirmé;individuel;2027;arcyzeure03@gmail.com;http://arcyzeuremoulins.sportsregions.fr/;espace sportif de Millepertuis;Route D526;03400;YZEURE;3.37915;46.53909;;Validée;79509
13/09/2026;13/09/2026;NATURE / APRES-MIDI;ROUGEGOUTTE;0290117;1ERE COMPAGNIE D'ARC SR BELFORT;CR02;900;Tir Nature;individuel;2026;yvescayot90@gmail.com;http://www.1ereciearcbelfort.com;CBF;17 Rue du Commerce;90200;ROUGEGOUTTE;6.84761;47.73115;;Validée;75383
13/09/2026;13/09/2026;NATURE / MATIN;ROUGEGOUTTE;0290117;1ERE COMPAGNIE D'ARC SR BELFORT;CR02;900;Tir Nature;individuel;2026;yvescayot90@gmail.com;http://www.1ereciearcbelfort.com;CBF;17 Rue du Commerce;90200;ROUGEGOUTTE;6.84813;47.73237;;Validée;75382
13/09/2026;13/09/2026;BEURSAULT GUICHEN;GUICHEN;0335058;GUICHEN ARCHERIE;CR03;350;Tir Beursault;individuel;2026;guyot.christine35@gmail.com;http://www.archersdeguichen.com;GUICHEN;116 Rue DU GENERAL LECLERC;35580;GUICHEN;-1.80685;47.96236;;Validée;76429
13/09/2026;13/09/2026;CONCOURS 3D SELECTIF AU CHAMPIONNAT DE FRANCE LE MATIN;SULLY SUR LOIRE;0445128;CIE DES ARCHERS DU SULLIAS;CR04;450;Tir 3D;individuel;2026;jean-louis.grivot@wanadoo.fr;118 rue nationale;terrain permanent;Route de gien;45600;SULLY SUR LOIRE;2.40515;47.75964;https://extranet.ffta.fr/medias/documents_epreuves/1104d08b2464a.pdf;Validée;75903
13/09/2026;13/09/2026;"CONCOURS 3D SELECTIF AU CHAMPIONNAT DE FRANC L&apos;APRES MIDI";SULLY SUR LOIRE;0445128;CIE DES ARCHERS DU SULLIAS;CR04;450;Tir 3D;individuel;2026;jean-louis.grivot@wanadoo.fr;118 rue nationale;terrain permanent;Route de gien;45600;SULLY SUR LOIRE;2.40515;47.75964;https://extranet.ffta.fr/medias/documents_epreuves/1104d084e4a146.pdf;Validée;75904
13/09/2026;13/09/2026;NATURE GORZE SEPT 2 DEPARTS;GORZE;0657116;ARCHERS GORZIENS;CR06;570;Tir Nature;individuel;2026;archers.gorziens@neuf.fr;http://www.archer-gorzien.com;chalet CTL GORZE;Route de Rezonville;57680;GORZE;5.99898;49.0605;https://extranet.ffta.fr/medias/documents_epreuves/11059bd1f4af62.pdf;Validée;76027
13/09/2026;13/09/2026;PARCOURS 3D;RECQUIGNIES;0759141;LES ARCHERS DE L'ECREVISSE;CR07;590;Tir 3D;individuel;2026;mychaeldupre@gmail.com;;Bois de la redoute;Chemin D ostergnies;59245;RECQUIGNIES;4.05581;50.27374;https://extranet.ffta.fr/medias/documents_epreuves/1107f4d5c99a80.pdf;Validée;75635
13/09/2026;13/09/2026;CHAMPIONNAT DE RONDE DU VALOIS;VAUMOISE;0760144;CIE D'ARC DE VAUMOISE;CR07;600;Tir Beursault;individuel;2026;christine.varoteaux@orange.fr;http://club.sportsregions.fr/arcvaumoise/;"CIE D&apos;ARC DE VAUMOISE";58 Route Chantilly;60117;VAUMOISE;2.98321;49.23536;;Validée;76660
13/09/2026;30/09/2026;"PRIX GÉNÉRAL DE LA CIE D&apos;ARC DE PANTIN";PANTIN;0893240;CIE D'ARC DE PANTIN;CR08;930;Tir Beursault;individuel;2027;compagnie.pantin@gmail.com;https://compagniearcpantin.fr/;Stade Marcel Cerdan;170 Avenue Jean Jaures;93500;PANTIN;2.40029;48.91097;https://extranet.ffta.fr/medias/documents_epreuves/10ff5264f292df.pdf;Validée;79099
13/09/2026;13/09/2026;TIR 3D 2 DEPARTS;SAILLAT SUR VIENNE;1087205;ASSOCIATION SPORTIVE DE TIR A L'ARC DE ST JUNIEN;CR10;870;Tir 3D;individuel;2026;mayade.sebastien@gmail.com;http://www.arc-saint-junien.fr;site de chaumeix;Rue des etangs;87720;SAILLAT SUR VIENNE;0.83442;45.87538;https://extranet.ffta.fr/medias/documents_epreuves/110a3dc2eb87b.pdf;Validée;76138
13/09/2026;13/09/2026;NATURE CAHORS LE MONTAT;LE MONTAT;1146149;1ERE COMPAGNIE D'ARC;CR11;460;Tir Nature;individuel;2026;didier.legoff@gmail.com;http://club.sportsregions.fr/arc_cahors;Lycée agricole;Voie 422 Lacoste;46090;LE MONTAT;1.43825;44.37516;https://extranet.ffta.fr/medias/documents_epreuves/110b5eb226c7b3.pdf;Validée;76148
13/09/2026;13/09/2026;CONCOURS TIR NATURE;CHIRAC;1148153;LES ARCHERS DE LA FARE - 1ERE CIE CHIRAC;CR11;480;Tir Nature;individuel;2026;eliane.vigne@gmail.com;archers48chirac@gmail.com;la cabane;Chemin des bories;48100;CHIRAC;;;https://extranet.ffta.fr/medias/documents_epreuves/110a5533ac52e4.pdf;Validée;76486
13/09/2026;13/09/2026;CONCOURS 3D;VALLET;1244031;ARC NATURE VALLETAIS;CR12;440;Tir 3D;individuel;2027;concoursanv@gmail.com;http://www.arcnaturevalletais.fr/;1;Impasse La brangerie;44330;MOUZILLON;-1.25097;47.13776;https://extranet.ffta.fr/medias/documents_epreuves/1107ca72bde313.pdf;Validée;75082
13/09/2026;13/09/2026;CHAMPIONNAT REGIONAL BEURSAULT;LA FLECHE;1272098;COMPAGNIE D'ARC DE LA FLECHE;CR12;720;Tir Beursault;individuel;2026;ciearclafeche@gmail.com;https://ciearclafleche.com/;Terrain rue Famille Bizot;Rue Famille Bizot;72200;LA FLECHE;-0.07497;47.69004;https://extranet.ffta.fr/medias/documents_epreuves/11079924ba3531.pdf;Validée;75399
13/09/2026;13/09/2026;TIR NATURE;GONFARON;1383101;LES ARCHERS DE ST QUINIS;CR13;830;Tir Nature;individuel;2026;arcgonfaron@gmail.com;http://arcgonfaron.fr;La Nasque;Route DES MAYONS;83590;GONFARON;6.32184;43.31893;https://extranet.ffta.fr/medias/documents_epreuves/1109b9b17d49e1.pdf;Validée;74846
13/09/2026;13/09/2026;TIR LOISIR;PAITA;3899010;LES ARCHERS DE PAITA;CR38;992;Loisirs Débutant et confirmé;individuel;2026;lesarchersdepaita@lagoon.nc;https://lesarchersdepaita.wixsite.com;Terrain club Paita;;98889;;;;;Validée;77035
13/11/2026;14/11/2026;CONCOURS EN SALLE 2X18M SÉLECTIF;MUËL;0335061;LA PITAUDIERE - CIE DES ARCHERS DE MUEL;CR03;350;Tir à 18m;individuel;2027;archersdemuel@yahoo.fr;;Salle multisport de Muel;7 Rue de Treeckoet;35290;MUEL;-2.15959;48.12547;;Validée;78467
14/10/2026;14/10/2026;PASSAGE DE PLUMES ET FLECHES DE PROGRESSION;CHASSIEU;0169213;CHASSIEU TIR A L'ARC;CR01;690;Loisirs Confirmé;individuel;2027;chassieuarc@gmail.com;http://chassieutiralarc.e-monsite.com;complexe provisoire;48 Rue oreste zenezini;69680;CHASSIEU;4.96781;45.74286;;Validée;77207
14/10/2026;14/10/2026;TIR A 18 METRES;LAILLÉ;0335084;LES ARCHERS DE LAILLE;CR03;350;Tir à 18m;individuel;2027;bdemelin@free.fr;http://www.lesarchersdelaille.com/;Salle des Boulais;Impasse du Pigeon Blanc;35890;LAILLE;-1.73166;47.97947;;Validée;77508
14/10/2026;14/10/2026;TIR A 18 METRES;LAILLÉ;0335084;LES ARCHERS DE LAILLE;CR03;350;Para-tir à l'arc à 18m;individuel;2027;;;;;;;;;;Validée;77509
14/10/2026;14/10/2026;CONCOURS 18 M 1 DÉPART 11 CIBLES A/B;NOYAL SUR VILAINE;0335065;LES ARCHERS DE ST LOUP;CR03;350;Tir à 18m;individuel;2027;delourmelemmanuel@hotmail.com;http://www.archers-de-st-loup.fr/;Salle des Archers;Rue du petit bois;35530;NOYAL SUR VILAINE;;;;Validée;78005
14/10/2026;14/10/2026;TIR SALLE MERCREDI OCTOBRE;SAINT CYR SUR LOIRE;0437075;REVEIL SPORTIF ST CYR TIR A L'ARC;CR04;370;Tir à 18m;individuel;2027;stcyr.tiralarc@gmail.com;https://rssc-tiralarc.fr;Gymnase Jean Moulin Rébulique;32 Rue de la république;37540;ST CYR SUR LOIRE;0.67083;47.40386;;Validée;77711
14/10/2026;14/10/2026;TIR SALLE MERCREDI OCTOBRE;SAINT CYR SUR LOIRE;0437075;REVEIL SPORTIF ST CYR TIR A L'ARC;CR04;370;Para-tir à l'arc à 18m;individuel;2027;;;;;;;;;;Validée;77712
14/11/2026;14/11/2026;FITA SALLE EXCELSIOR;CHAPONOST;0169192;EXCELSIOR;CR01;690;Tir à 18m;individuel;2027;chaponost.arc@gmail.com;http://arc-chaponost.fr/;gymnase François Perraud;Boulevard Reydellet;69630;CHAPONOST;4.7478;45.70804;;Validée;77980
14/11/2026;15/11/2026;TIR EN SALLE 2X18M EXCELSIOR;CHAPONOST;0169192;EXCELSIOR;CR01;690;Tir à 18m;individuel;2027;chaponost.arc@gmail.com;http://arc-chaponost.fr/;gymnase François Perraud;Boulevard Reydellet;69630;CHAPONOST;4.74764;45.70795;;Validée;77981
14/11/2026;15/11/2026;TIR EN SALLE 2X18M EXCELSIOR;CHAPONOST;0169192;EXCELSIOR;CR01;690;Para-tir à l'arc à 18m;individuel;2027;;;;;;;;;;Validée;77982
14/11/2026;15/11/2026;CONCOURS ARCHERS DU GAVOT + CRJ;SAINT PAUL EN CHABLAIS;0174257;LES ARCHERS DU GAVOT;CR01;740;Tir à 18m;individuel;2027;clement.estran@gmail.com;http://lesarchersdugavot.wix.com/les-archers-du-gavot;gymnase du pays de gavot;382 Chemin  de Chez Chevallay au Maravant;74500;ST PAUL EN CHABLAIS;;;;Validée;78093
14/11/2026;15/11/2026;CONCOURS DES ARCHERS ELOYSIEN;SAINT ELOY LES MINES 63700;0163153;CIE DES ARCHERS ELOYSIENS;CR01;630;Tir à 18m;individuel;2027;chomyez.michel@orange.fr;;gymnase remy durin;29 Avenue jules Guesde;63700;ST ELOY LES MINES;2.83107;46.16215;;Validée;78447
14/11/2026;15/11/2026;COMPÉTITION SALLE DOMPIERRE + CRJ;DOMPIERRE SUR BESBRE;0103035;ASD ARCHERS DOMPIERROIS;CR01;030;Tir à 18m;individuel;2027;bilinho30@gmail.com;http://www.asd-archers-dompierrois.com/;Salle Espace Boudeville;Impasse Espace Boudeville;03290;DOMPIERRE SUR BESBRE;3.683379;46.517905;;Validée;78476
14/11/2026;14/11/2026;ARCHERS DE BEAUZAC;BEAUZAC;0143137;LES ARCHERS DE LA JEUNE LOIRE;CR01;430;Tir à 18m;individuel;2027;perrinarc@orange.fr;https://archersjeuneloire.fr/;CENTRE DE TIR 0 L4ARC;Allée 1 chemin des archerrs;43590;BEAUZAC;4.10867;45.25849;;Validée;78556
14/11/2026;14/11/2026;ARCHERS DE LA JEUNE LOIRE + CRJ;BEAUZAC;0143137;LES ARCHERS DE LA JEUNE LOIRE;CR01;430;Tir à 18m;individuel;2027;perrinarc@orange.fr;https://archersjeuneloire.fr/;CENTRE DE TIR 0 L4ARC;1 Chemin alée des archers;43590;BEAUZAC;4.10867;45.25849;;Validée;78557
14/11/2026;14/11/2026;ARCHERS DE LA JEUNE LOIRE + CRJ;BEAUZAC;0143137;LES ARCHERS DE LA JEUNE LOIRE;CR01;430;Para-tir à l'arc à 18m;individuel;2027;;;;;;;;;;Validée;78558
14/11/2026;14/11/2026;CONCOURS SALLE DEBUTANTS;UGINE;0173224;LA FLECHE DU MONT CHARVIN;CR01;730;Loisirs Débutant;individuel;2027;flechedumontcharvin@gmail.com;Gymnase Place Cerboney;Gymnase Place Cerboney;Place Cerbonney;73400;UGINE;6.41654;45.75269;;Validée;79065
14/11/2026;15/11/2026;2X18M UGINE;UGINE;0173224;LA FLECHE DU MONT CHARVIN;CR01;730;Tir à 18m;individuel;2027;flechedumontcharvin@gmail.com;Gymnase Place Cerboney;Gymnase Place Cerboney;Place Cerbonney;73400;UGINE;6.41654;45.75269;;Validée;79066
14/11/2026;15/11/2026;CORBAS 18M;CORBAS;0169194;LES ARCHERS DE CORBAS;CR01;690;Tir à 18m;individuel;2027;archerscorbas@gmail.com;http://lesarchersdecorbas.sportsregions.fr/;GYMNASE DES ROSES;Rue des roses;69960;CORBAS;4.91403;45.67546;;Validée;77247
14/11/2026;15/11/2026;TIR EN SALLE CHARAVINES 2026;CHARAVINES;0138116;LES ARCHERS DU LAC;CR01;380;Tir à 18m;individuel;2027;yves.justet.arc@gmail.com;http://archersdulaccharavines.sportsregions.fr;salle des Cèdres;Rue Principale;38850;CHARAVINES;5.51293;45.42832;;Validée;77322
14/11/2026;15/11/2026;3D INDOOR;MACON;0271076;COMPAGNIE DES ARCHERS MACONNAIS;CR02;710;Loisirs Débutant et confirmé;individuel;2027;archers.maconnais@yahoo.fr;http://archersmaconnais.fr;COMPLEXE SPORTIF JEAN BURNICHON;Rue LEO LAGRANGE;71000;MACON;1.45316;43.58684;;Validée;79475
14/11/2026;15/11/2026;CONCOURS SALLE VESOUL 2026;VESOUL;0270063;1ERE COMPAGNIE D'ARC DE VESOUL;CR02;700;Tir à 18m;individuel;2027;charles.brossard70@orange.fr;http://www.1cie-arcvesoul.com;Gymnase Lasalle;Place René Hologne;70000;VESOUL;6.1506;47.62106;;Validée;78518
14/11/2026;15/11/2026;CONCOURS SALLE VESOUL 2026;VESOUL;0270063;1ERE COMPAGNIE D'ARC DE VESOUL;CR02;700;Para-tir à l'arc à 18m;individuel;2027;;;;;;;;;;Validée;78519
14/11/2026;15/11/2026;TIE EN SALLE;LOUHANS;0271082;CIE DES ARCHERS LOUHANNAIS;CR02;710;Tir à 18m;individuel;2027;p.charbouillot@wanadoo.fr;;COSEC CITE SCOLAIRE;Montée De St Claude;71500;LOUHANS;5.21413;46.62185;;Validée;78671
14/11/2026;15/11/2026;TIR A 18 METRES - 5 DÉPARTS - 12 CIBLES AB/CD;CESSON SÉVIGNÉ;0335083;ARCHERS DE SEVIGNE;CR03;350;Tir à 18m;individuel;2027;daguerre.florian@gmail.com;http://www.archers-de-sevigne.com/;Salle Beausoleil;Place Sévigné;35510;CESSON SEVIGNE;-1.61056;48.11541;;Validée;78675
14/11/2026;15/11/2026;TIR A 18 METRES;SAINT JACQUES DE LA LANDE;0335081;LES ARCHERS DE LA LANDE;CR03;350;Tir à 18m;individuel;2027;secretariatiralarc@lesarchersdelalande.com;http://www.lesarchersdelalande.com;Complexe sportif ALLENDE;Rue de la Rabelais;35136;ST JACQUES DE LA LANDE;-1.70412;48.08519;;Validée;78738
14/11/2026;15/11/2026;CONCOURS TIR A 18M;SAINT POL DE Léon;0329039;CIE D ARC SAINT POL DE LEON;CR03;290;Tir à 18m;individuel;2027;ciearcstpoldeleon@gmail.com;http://ciearcstpoldeleon.fr/;Salle Isidore Daniélou;Avenue des Carmes;29250;ST POL DE LEON;-3.98947;48.68177;;Validée;77287
14/11/2026;14/11/2026;TIR A 18 METRES SPECIAL FEMININ;LAILLÉ;0335084;LES ARCHERS DE LAILLE;CR03;350;Tir à 18m;individuel;2027;bdemelin@free.fr;http://www.lesarchersdelaille.com/;Salle des Boulais;Impasse du Pigeon Blanc;35890;LAILLE;-1.73173;47.97945;;Validée;77513
14/11/2026;14/11/2026;TIR A 18 METRES SPECIAL FEMININ;LAILLÉ;0335084;LES ARCHERS DE LAILLE;CR03;350;Para-tir à l'arc à 18m;individuel;2027;;;;;;;;;;Validée;77514
14/11/2026;15/11/2026;18M QUIMPERLÉ;QUIMPERLÉ;0329026;A T A Q;CR03;290;Tir à 18m;individuel;2027;ataq.quimperle@gmail.com;http://www.archers-de-quimperle.com;gymnase de Kerjouanneau;4 Rue de Kerjouanneau;29300;QUIMPERLE;-3.56111;47.86666;;Validée;77577
14/11/2026;15/11/2026;CONCOURS FREHEL 2 X 18M;FREHEL;0322005;ASSOCIATION FREHEL MULTI SPORTS;CR03;220;Tir à 18m;individuel;2027;briard.jean-michel@neuf.fr;https://www.frehel-multisports.fr;"COMPLEXE SPORTIF &#x22;LA VILLE OIE&#x22;";Rue LA VILLE OIE;22240;FREHEL;-2.34065;48.65322;;Validée;77645
14/11/2026;15/11/2026;TIR À 18 M;SAINT AVE;0356095;LES ARCHERS DE SAINT AVÉ;CR03;560;Tir à 18m;individuel;2027;archersaintave.president@gmail.com;http://lesarchersdesaint-ave.jimdofree.com;Salle Pierre LE NOUAIL;"Rue Droits de l&apos;homme";56890;ST AVE;-2.74196;47.69175;;Validée;79503
14/11/2026;15/11/2026;TIR EN SALLE - TOURS;TOURS;0437091;U.S. TOURS;CR04;370;Para-tir à l'arc à 18m;individuel;2027;;;;;;;;;;Validée;79223
14/11/2026;14/11/2026;CONCOURS INTERNE;CHINON;0437068;CHINON A.S.C.A.R.;CR04;370;Loisirs Débutant et confirmé;individuel;2027;ascarchinon@gmail.com;https://www.ascar-chinon.fr/;GYMNASE JEAN ZAY;Rue PAUL HUET;37500;CHINON;0.25114;47.1666;;Validée;79294
14/11/2026;15/11/2026;TIR SALLE NOVEMBRE;CLUIS;0436063;LES ARCHERS DU LUMA;CR04;360;Para-tir à l'arc à 18m;individuel;2027;;;;;;;;;;Validée;78152
14/11/2026;14/11/2026;TIR LOISIR JEUNES + ADULTES DEBUTANTS;"LA GUERCHE SUR L&apos;AUBOIS";0418011;CIE DES ARCHERS DU VAL D'AUBOIS;CR04;180;Loisirs Débutant;individuel;2027;maryse.berger18@gmail.com;archers.laguerche18@laposte.net;GYMNASE DU COLLEGE;Rue DANIEL CASANOVA;18150;LA GUERCHE SUR L AUBOIS;2.95443;46.94871;;Validée;78265
14/11/2026;15/11/2026;TIR EN SALLE 2X18;"LA GUERCHE SUR L&apos;AUBOIS 18150";0418011;CIE DES ARCHERS DU VAL D'AUBOIS;CR04;180;Tir à 18m;individuel;2027;maryse.berger18@gmail.com;archers.laguerche18@laposte.net;GYMNASE DU COLLEGE;Rue DANIEL CASANOVA;18150;LA GUERCHE SUR L AUBOIS;2.95443;46.94871;;Validée;78271
14/11/2026;15/11/2026;TIR EN SALLE 2X18;"LA GUERCHE SUR L&apos;AUBOIS 18150";0418011;CIE DES ARCHERS DU VAL D'AUBOIS;CR04;180;Para-tir à l'arc à 18m;individuel;2027;;;;;;;;;;Validée;78272
14/11/2026;14/11/2026;SPECIAL JEUNES;LAMOTTE BEUVRON;0441109;A.S.LAMOTTE LES PLUMES D'OR;CR04;410;Loisirs Débutant et confirmé;individuel;2027;ec.poulard@wanadoo.fr;https://aslesplumesdor.fr;gymnase jean rostand;Avenue napoleon III;41600;LAMOTTE BEUVRON;2.01972;47.59655;;Validée;78404
14/11/2026;15/11/2026;CONCOURS SALLE;LAMOTTE BEUVRON;0441109;A.S.LAMOTTE LES PLUMES D'OR;CR04;410;Tir à 18m;individuel;2027;ec.poulard@wanadoo.fr;https://aslesplumesdor.fr;gymnase jean rostand;Avenue napoleon III;41600;LAMOTTE BEUVRON;2.01972;47.59655;;Validée;78405
14/11/2026;15/11/2026;CONCOURS SALLE NOGENT LE ROTROU;NOGENT LE ROTROU;0428050;LES ARCHERS DU PERCHE;CR04;280;Tir à 18m;individuel;2027;lologuillaume@orange.fr;https://www.lesarchersduperche.org;complexe Sportif Robert HUWART;35-37 Rue du Perche;28400;NOGENT LE ROTROU;0.79562;48.32089;;Validée;79028
14/11/2026;15/11/2026;CONCOURS SALLE NOGENT LE ROTROU;NOGENT LE ROTROU;0428050;LES ARCHERS DU PERCHE;CR04;280;Para-tir à l'arc à 18m;individuel;2027;;;;;;;;;;Validée;79029
14/11/2026;15/11/2026;TIR EN SALLE - TOURS;TOURS;0437091;U.S. TOURS;CR04;370;Tir à 18m;individuel;2027;jeanlucmorice57@gmail.com;https://ustours-tiralarc.fr/;Vaucanson;Rue Albert Einstein;37100;TOURS;0.70608;47.42607;;Validée;79222
14/11/2026;14/11/2026;SPJ ET DEBUTANT LA FERTE SAINT AUBIN;LA FERTE SAINT AUBIN;0445136;ENTENTE SPORTIVE DU COSSON;CR04;450;Loisirs Débutant;individuel;2027;vincent.recher@gmail.com;https://esc-archersfertesiens.sportsregions.fr/;gymnase Gerard Pacalet;Rue des Près Verts;45240;LA FERTE ST AUBIN;1.94652;47.71758;;Validée;77246
14/11/2026;15/11/2026;TIR SALLE NOVEMBRE;CLUIS;0436063;LES ARCHERS DU LUMA;CR04;360;Tir à 18m;individuel;2027;bonvalet.lauriane@gmail.com;https://archers-du-luma.sportsregions.fr/;gymnase;Rue des parc;36340;CLUIS;1.74711;46.54479;;Validée;77278
14/11/2026;15/11/2026;TIR SALLE HAGONDANGE;HAGONDANGE;0657106;ENTENTE SPORTIVE HAGONDANGE;CR06;570;Tir à 18m;individuel;2027;lesarchersdelesh@gmail.com;http://club.sportsregions.fr/lesarchersdelesh;palais des sports paul lamm;Rue henri hoffmann;57300;HAGONDANGE;6.16621;49.25292;;Validée;77150
14/11/2026;15/11/2026;TIR SALLE HAGONDANGE;HAGONDANGE;0657106;ENTENTE SPORTIVE HAGONDANGE;CR06;570;Tir à 18m;individuel;2027;lesarchersdelesh@gmail.com;http://club.sportsregions.fr/lesarchersdelesh;palais des sports paul lamm;Rue henri hoffmann;57300;HAGONDANGE;6.16621;49.25292;;Validée;77163
14/11/2026;15/11/2026;TIR EN SALLE;RETHEL;0608005;RETHEL SPORTIF TIR A L'ARC;CR06;080;Tir à 18m;individuel;2027;daniel.boizet-diancourt@wanadoo.fr;;Salle AGORA;"Rue de l&apos;agriculture";08300;RETHEL;4.36595;49.51455;;Validée;77259
14/11/2026;15/11/2026;LA JEAN VILAR;BAR SUR SEINE;0610015;FOYER DES JEUNES JEAN VILAR;CR06;100;Tir à 18m;individuel;2027;archers.bar.sur.seine@orange.fr;http://archers-bar-sur-seine.clubeo.com;Gymnase Paul Portier;Rue du 14 juillet;10110;BAR SUR SEINE;4.37859;48.11307;;Validée;78295
14/11/2026;15/11/2026;LA JEAN VILAR;BAR SUR SEINE;0610015;FOYER DES JEUNES JEAN VILAR;CR06;100;Para-tir à l'arc à 18m;individuel;2027;;;;;;;;;;Validée;78296
14/11/2026;15/11/2026;2*18M NANCY;NANCY;0654073;1ERE CIE DE TIR A L'ARC DE NANCY;CR06;540;Tir à 18m;individuel;2027;contact@tiralarcnancy.fr;http://www.tiralarcnancy.fr/;Gymnase Bazin;47 Rue Henri Bazin;54000;NANCY;6.1943;48.69699;;Validée;78367
14/11/2026;14/11/2026;MIXTE NANCY;NANCY;0654073;1ERE CIE DE TIR A L'ARC DE NANCY;CR06;540;Tir à 18m;uniquement équipe;2027;contact@tiralarcnancy.fr;http://www.tiralarcnancy.fr/;Gymnase Bazin;47 Rue Henri Bazin;54000;NANCY;6.1943;48.69699;;Validée;78369
14/11/2026;14/11/2026;"NANCY PARA TIR À L&apos;ARC";NANCY;0654073;1ERE CIE DE TIR A L'ARC DE NANCY;CR06;540;Para-tir à l'arc à 18m;individuel;2027;contact@tiralarcnancy.fr;http://www.tiralarcnancy.fr/;Gymnase Bazin;47 Rue Henri Bazin;54000;NANCY;6.1943;48.69699;;Validée;79182
14/11/2026;15/11/2026;CONCOURS SALLE;LA COUTURE;0762284;LES ARCHERS LA COUTUROIS;CR07;620;Tir à 18m;individuel;2027;lesarcherslacouturois@gmail.com;http://www.tiralarc62.fr;Salle des Sports;317 Rue du Rietz;62136;LA COUTURE;2.71024;50.58128;;Validée;78233
14/11/2026;15/11/2026;TIR 18M;LAON;0702012;1ERE CIE D'ARC L'ESPERANCE DE LAON;CR07;020;Tir à 18m;individuel;2027;olivier.janvrot@free.fr;http://club.sportsregions.fr/ciearc-esp-laon;GILBERT LAVOINE;42 Rue JEAN PIERRE TIMBAUD;02000;LAON;3.63725;49.56266;;Validée;78290
14/11/2026;15/11/2026;TIR A 18 METRES WERVICQ-SUD;WERVICQ-SUD;0759140;A.S.T.A. WERVICQ-SUD;CR07;590;Tir à 18m;individuel;2027;contact@astaw.fr;https://www.astaw.fr/;complexe sportif;Rue de la victoire;59117;WERVICQ SUD;3.04509;50.76813;;Validée;78890
14/11/2026;15/11/2026;TIR AUTOMNAL;ABBEVILLE;0780318;CIE D'ARC D'ABBEVILLE;CR07;800;Tir à 18m;individuel;2027;compagniearcabbeville@gmail.com;http://sites.google.com/site/compagniearcabbeville;centre aere robert viarre;182 Chemin CHEMIN DES POSTES;80100;ABBEVILLE;1.85022;50.10115;;Validée;79254
14/11/2026;15/11/2026;TIR EN SALLE 2026;CHAMANT;0760229;CIE D ARC DE CHAMANT;CR07;600;Tir à 18m;individuel;2027;david.jourdain44@gmail.com;;salle des sports;"5 Rue De l&apos;aunette";60300;CHAMANT;2.61008;49.21853;;Validée;77656
14/11/2026;15/11/2026;SALLE 2X18 MÈTRES OZOIR;OZOIR LA FERRIERE;0877082;LES ARCHERS D'OZOIR;CR08;770;Tir à 18m;individuel;2027;jacky.faugeron@free.fr;http://www.lesarchersdozoir.sportsregions.fr;Gymnase Jacques Anquetil;2 Route de Roissy;77330;OZOIR LA FERRIERE;2.66926;48.76642;;Validée;77365
14/11/2026;15/11/2026;TIR À 18 M;CONFLANS STE HONORINE;0878113;U.S.C TIR A L'ARC;CR08;780;Tir à 18m;individuel;2027;joel.angerand@neuf.fr;https://www.compagnieconflans.com/;Stade Claude FICHOT;"43 Rue du bois d&apos;aulne";78700;CONFLANS STE HONORINE;2.11731;49.01258;;Validée;78043
14/11/2026;15/11/2026;CONCOURS SALLE 2X18 METRES;CHATILLON;0892186;CIE DE TIR A L'ARC DE CHATILLON 92;CR08;920;Tir à 18m;individuel;2027;claudineguilpain@orange.fr;http://www.ctac92.com/;Gymnase République;21 Avenue de la République;92320;CHATILLON;2.29167;48.80098;;Validée;78160
14/11/2026;15/11/2026;CONCOURS TIR À 18M;RAMBOUILLET;0878118;CIE D'ARC SAINT HUBERT;CR08;780;Tir à 18m;individuel;2027;csh@csh-rambouillet.com;http://www.csh-rambouillet.com;Gymnase du college de vivonne;Rue Clairefontaine;78120;RAMBOUILLET;1.84247;48.65106;;Validée;78794
14/11/2026;15/11/2026;2X18M;LE PLESSIS BOUCHARD;0895286;LES ARCHERS DU PLESSIS BOUCHARD;CR08;950;Tir à 18m;individuel;2027;archers.pb@gmail.com;https://www.lesarchersduplessisbouchard.fr/;GYMNASE GUILLAUMIE;3 Rue GUILLAUMIE;95130;LE PLESSIS BOUCHARD;2.24469;48.99765;;Validée;78907
14/11/2026;14/11/2026;CHALLENGE HAWK EYE;MORSANG SUR ORGE;0891152;CIE DE MORSANG S/ORGE;CR08;910;Tir à 18m;individuel;2027;lachopardiere@gmail.com;http://club.sportsregions.fr/archersmorsang;GYMNASE EVERBECQ;Rue GUY MOCQUET;91390;MORSANG SUR ORGE;2.35458;48.6613;;Validée;79095
14/11/2026;14/11/2026;CHALLENGE HAWK EYE;MORSANG SUR ORGE;0891152;CIE DE MORSANG S/ORGE;CR08;910;Tir à 18m;par équipe;2027;;;;;;;;;;Validée;79096
14/11/2026;14/11/2026;PARTAGE TES FLECHES;ANTONY;0892206;ARCHERIE CLUB ANTONY;CR08;920;Loisirs Débutant et confirmé;individuel;2027;f.triquoire@gmail.com;https://www.archerieclubantony.fr/;COMPLEXE SPORTIF LA FONTAINE ARNAUD BELTRAME;14 Rue Pierre Kolhmann;92160;ANTONY;2.3188;48.76938;;Validée;79757
14/11/2026;15/11/2026;TIR SALLE  VERSON;VERSON;0914009;LES ARCHERS DE L ODON;CR09;140;Tir à 18m;individuel;2027;leroy.hermann@orange.fr;https://lesarchersdelodon.sportregions.fr;GYMNASE DU LOUP PENDU;Allée JACQUES PREVERT;14790;VERSON;-0.45749;49.15552;;Validée;78521
14/11/2026;15/11/2026;TIR PARA SALLE VERSON;VERSON;0914009;LES ARCHERS DE L ODON;CR09;140;Para-tir à l'arc à 18m;individuel;2027;leroy.hermann@orange.fr;https://lesarchersdelodon.sportregions.fr;gymnase du loup pendu;Allée JACQUES PREVERT;14790;VERSON;-0.45749;49.15552;;Validée;78522
14/11/2026;14/11/2026;SPÉCIAL DÉBUTANTS SEES;SÉES;0961083;AMICALE LAIQUE DE SEES;CR09;610;Loisirs Débutant;individuel;2027;tiralarcsees@gmail.com;;Complexe sportif du SIVOS;Rue Du 11 Novembre;61500;SEES;0.17299;48.59363;https://extranet.ffta.fr/medias/documents_epreuves/110c3d04ca39e6.pdf;Validée;78574
14/11/2026;15/11/2026;2X18M;LA HAGUE;50000;COMITE DEPARTEMENTAL DE LA MANCHE;CR09;500;Tir à 18m;individuel;2027;maureen.lebouteiller@gmail.com;http://www.tiralarc50.fr;Halle des Sports;12 Rue Ferronet;50440;BEAUMONT HAGUE;-1.84162;49.66529;;Validée;78592
14/11/2026;15/11/2026;2X18M;LA HAGUE;50000;COMITE DEPARTEMENTAL DE LA MANCHE;CR09;500;Para-tir à l'arc à 18m;individuel;2027;;;;;;;;;;Validée;78593
14/11/2026;15/11/2026;CONCOURS CSG TIR À LARC;PORT-JÉRÔME-SUR-SEINE;0976130;CLUB SPORTIF DE GRAVENCHON;CR09;760;Tir à 18m;individuel;2027;president@csg-tiralarc.fr;http://csg-tiralarc.fr;Stade Marius Virmontois;8 Rue Jean Cocteau;76330;NOTRE DAME DE GRAVENCHON;0.5782;49.4886;;Validée;78863
14/11/2026;15/11/2026;CONCOURS CSG TIR À LARC;PORT-JÉRÔME-SUR-SEINE;0976130;CLUB SPORTIF DE GRAVENCHON;CR09;760;Para-tir à l'arc à 18m;individuel;2027;;;;;;;;;;Validée;78864
14/11/2026;15/11/2026;AMBARES 2X18M;AMBARES;33000;COMITE DEPARTEMENTAL GIRONDE;CR10;330;Tir à 18m;individuel;2027;muriel.blin41@sfr.fr;http://cd33tirarc.sportsregions.fr;SALLE DES SPORTS;Avenue PIERRE BARRE;33440;AMBARES ET LAGRAVE;;;;Validée;78207
14/11/2026;15/11/2026;CONCOURS TIR À 18M LOUDUN;LOUDUN;1086197;LA COMPAGNIE DES ARCHERS DU LOUDUNOIS;CR10;860;Tir à 18m;individuel;2027;archersloudunois@gmail.com;http://www.archers-loudunais.fr/;Gymnase du Petit Colas;Ruelle De Breda;86200;LOUDUN;0.08763;47.00658;;Validée;78313
14/11/2026;14/11/2026;CONCOURS TIR À 18M PARA LOUDUN;LOUDUN;1086197;LA COMPAGNIE DES ARCHERS DU LOUDUNOIS;CR10;860;Loisirs Débutant;individuel;2027;archersloudunois@gmail.com;http://www.archers-loudunais.fr/;Gymnase du Petit Colas;Ruelle De Breda;86200;LOUDUN;0.08752;47.00644;;Validée;78318
14/11/2026;15/11/2026;TIR À 18M;ROCHEFROT SUR MER;1017026;S A R TIR A L'ARC;CR10;170;Tir à 18m;individuel;2027;tresorier@sartiralarc.fr;https://www.sartiralarc.fr;Gymanse du Polygone;Rond point du Polygone;17300;ROCHEFORT;-0.96591;45.93049;;Validée;78433
14/11/2026;15/11/2026;CONCOURS CARSAC;CARSAC;1024209;CLUB DES ARCHERS DE CARSAC;CR10;240;Tir à 18m;individuel;2027;lesarcherscarsac@gmail.com;;gymnase du  mascolet;D56 Route route du Poujol;24590;ST CREPIN ET CARLUCET;1.30031;44.9732;;Validée;79395
14/11/2026;15/11/2026;CONCOURS CARSAC;ST CREPIN ET CARLUCET;1024209;CLUB DES ARCHERS DE CARSAC;CR10;240;Para-tir à l'arc à 18m;individuel;2027;presidentcd24@gmail.com;;gymnase du  mascolet;D56 Route route du Poujol;24590;ST CREPIN ET CARLUCET;1.30031;44.9732;;Validée;79396
14/11/2026;14/11/2026;CHALLENGE COMPOUND;MARMANDE;1047147;ARCHERS CLUB MARMANDAIS;CR10;470;Loisirs Confirmé;individuel;2027;acm47@free.fr;http://acm47.clubeo.com/;Salle de sport;104 Avenue commandant Christian Baylac;47200;MARMANDE;0.17586;44.50101;;Validée;79876
14/11/2026;15/11/2026;2X18 M SAINT CHELY;"SAINT CHELY D&apos;APCHER";1148154;ARCHERS BARRABANS;CR11;480;Tir à 18m;individuel;2027;dupeyron.canou@gmail.com;;halle aux sport;"Boulevard guerin d&apos;apcher";48200;ST CHELY D APCHER;3.27181;44.80682;;Validée;79324
14/11/2026;15/11/2026;18M TOULOUSE TAC NOV 2026;TOULOUSE;1131081;TOULOUSE ATHLETIC CLUB TOULOUSE;CR11;310;Tir à 18m;individuel;2027;contact@tacarc.org;http://www.tacarc.org/;Gymnase Maurice Dreuil à Gironis;35 Rue de Gironis;31100;TOULOUSE;1.41513;43.56551;;Validée;77191
14/11/2026;15/11/2026;TIR SALLE DE NOVEMBRE;Castelsarrasin;1182219;LES ARCHERS DE CASTELSARRASIN;CR11;820;Tir à 18m;individuel;2027;vulcain82100@gmail.com;http://lesarchersdecastel.club.sportsregions.fr/;Gymnase des fontaines;Chemin des fontaines;82100;CASTELSARRASIN;1.11804;44.0315;;Validée;77438
14/11/2026;15/11/2026;CONCOURS FRANÇOIS NAVAJAS;BOMPAS;1166188;LES ARCHERS DE BOMPAS;CR11;660;Tir à 18m;individuel;2027;archersdebompas@gmail.com;http://www.archers-bompas.fr/;Gymnase municipal de bompas;Rue Maymil;66430;BOMPAS;;;;Validée;77709
14/11/2026;14/11/2026;CONCOURS 100% MASCULIN;AUCH;1132113;L'ARC AUSCITAIN;CR11;320;Tir à 18m;individuel;2027;arc.auscitain@gmail.com;http://arc-auscitain.fr;salle du Gymnase Carnot;4 Rue Viala;32000;AUCH;0.58882;43.64879;;Validée;78666
14/11/2026;15/11/2026;CONCOURS SALLE DE SAINT GILLES CROIX DE VIE;SAINT GILLES CROIX DE VIE;1285117;ARCHERS DE ST GILLES CROIX VIE;CR12;850;Tir à 18m;individuel;2027;archers.saint.gilles@gmail.com;http://www.archersdesaintgilles.fr;Salle de la Chapelle;Rue DU BOIS;85800;ST GILLES CROIX DE VIE;-1.92667;46.6943;;Validée;78672
14/11/2026;15/11/2026;TIR EN SALLE ANGERS;ANGERS;1249056;S G T A - TIR A L'ARC;CR12;490;Tir à 18m;individuel;2027;gergaudmickael10@gmail.com;http://www.sgta-tir-a-larc.com;Le 37;37 Route de bouchemaine;49000;ANGERS;-0.57533;47.44627;;Validée;78850
14/11/2026;15/11/2026;CONCOURS INTERNE LOISIR;LE MANS;1272105;SOM TIR A L'ARC;CR12;720;Loisirs Débutant et confirmé;individuel;2027;emilie.thomas.lm@gmail.com;https://sites.google.com/view/lemanssomtiralarc;Gymnase de la Californie;Rue HENRI CHAMPION;72100;LE MANS;0.23303;47.98687;;Validée;78897
14/11/2026;15/11/2026;TIR EN SALLE;VERTOU;1244041;CIE ARCHERS DE VERTOU;CR12;440;Tir à 18m;individuel;2027;bureau@vertouarc.fr;http://www.vertouarc.fr;Gymnase Raymond Durand;42 Route du Mortier Vannerie;44120;VERTOU;-1.4966;47.18435;;Validée;78943
14/11/2026;15/11/2026;TIR EN SALLE;VERTOU;1244041;CIE ARCHERS DE VERTOU;CR12;440;Para-tir à l'arc à 18m;individuel;2027;;;;;;;;;;Validée;78944
14/11/2026;15/11/2026;TIR EN SALLE 2X18M;LE FUILET;1249054;LA FLECHE AU COEUR DES MAUGES;CR12;490;Tir à 18m;individuel;2027;archersduparadis@gmail.com;http://www.tiralarc-beaupreau.fr/;Salle Omnisport du Fuilet;19 Rue de la Mairie;49110;MONTREVAULT;-1.11906;47.28035;;Validée;77622
14/11/2026;15/11/2026;TIR À 18M 2026-2027;FONTENAY LE COMTE;1285122;TIR ARC FONTENAISIEN;CR12;850;Tir à 18m;individuel;2027;archers.fontenay@gmail.com;https://tiralarcfontenaisien.wordpress.com/;Salle Chamiraud;Avenue Amand Bujard;85200;FONTENAY LE COMTE;-0.81845;46.46562;;Validée;77787
14/11/2026;14/11/2026;CONCOURS DÉBUTANTS;AZE;1253085;TIR A L'ARC CHATEAU GONTIER;CR12;530;Loisirs Débutant;individuel;2027;chateaugontier.tiralarc@gmail.com;https://tiralarcchg.sportregion.fr;Salle des azélines;Rue de la croix de pierre;53200;AZE;-0.68262;47.82271;;Validée;77792
14/11/2026;15/11/2026;CONCOURS DES PISTOLES;BRIGNOLES;1383115;CIE BRIGNOLAISE DE TIR;CR13;830;Tir à 18m;individuel;2027;arcbrignoles@gmail.com;https://www.arcbrignoles.com/;"Centre de tir à l&apos;arc brignoles";Chemin des archers;83170;BRIGNOLES;6.06553;43.41428;https://extranet.ffta.fr/medias/documents_epreuves/110cd96258678c.pdf;Validée;77153
14/11/2026;15/11/2026;CONCOURS DES PISTOLES;BRIGNOLES;1383115;CIE BRIGNOLAISE DE TIR;CR13;830;Para-tir à l'arc à 18m;individuel;2027;;;;;;;;;https://extranet.ffta.fr/medias/documents_epreuves/110cd973efcd88.pdf;Validée;77154
14/11/2026;15/11/2026;TIR EN SALLE 2X 18M;BOLLÈNE;1384151;ARCHERS DE BOLLENE;CR13;840;Tir à 18m;individuel;2027;archersdebollene@yahoo.fr;http://archersdebollene.fr;Gymnase Astaud Robert;220 Rue Jean-françois CHAMPOLLION;84500;BOLLENE;4.75212;44.29366;https://extranet.ffta.fr/medias/documents_epreuves/;Validée;77328
14/11/2026;15/11/2026;CONCOURS SALLE 18M;MIRAMAS;1313077;ARCHERS DE LA CRAU;CR13;130;Tir à 18m;individuel;2027;lesarchersdelacrau@gmail.com;https://www.archerscrau.fr;GYMNASE SAINT SUSPI;Chemin Du Creux;13140;MIRAMAS;5.01111;43.59178;;Validée;79238
14/11/2026;15/11/2026;CONCOURS SALLE 18M;MIRAMAS;1313077;ARCHERS DE LA CRAU;CR13;130;Para-tir à l'arc à 18m;individuel;2027;;;;;;;;;;Validée;79239
14/11/2026;15/11/2026;TIR EN SALLE;LE LUC;1383101;LES ARCHERS DE ST QUINIS;CR13;830;Tir à 18m;individuel;2027;arcgo;http://arcgonfaron.fr;Gymnase Pierre Gaudin;Avenue Pierre de Coubertin;83340;CABASSE;;;;Validée;79322
15/10/2026;15/10/2026;SELECTIF LT COACHING;ARLES SUR TECH;1166191;LES ARCHERS CATALANS - PERPIGNAN;CR11;660;Tir à 18m;individuel;2027;guy.ledrappier@orange.fr;archerscatalansperpignan@gmail.com;CENTRE SUD CANIGOU;Voie LIEU DIT LA BALLIE;66150;ARLES SUR TECH;;;;Validée;77144
15/11/2026;15/11/2026;CONCOURS DÉBUTANT ARCHERS DU GAVOT;SAINT PAUL EN CHABLAIS;0174257;LES ARCHERS DU GAVOT;CR01;740;Loisirs Débutant;individuel;2027;clement.estran@gmail.com;http://lesarchersdugavot.wix.com/les-archers-du-gavot;gymnase du pays de gavot;Chemin de Chez Chevallay au Maravant;74500;ST PAUL EN CHABLAIS;;;;Validée;78094
15/11/2026;15/11/2026;18 M SALLE;BEYNOST;0101010;A2C - ARC CLUB DE LA COTIERE - BEYNOST;CR01;010;Tir à 18m;individuel;2027;bussymichael@hotmail.com;https://a2c.sportsregions.fr;gymnase Louis Armstrong;Impasse pré mayeux;01700;BEYNOST;5.01166;45.83661;;Validée;78211
15/11/2026;15/11/2026;18 M SALLE;BEYNOST;0101010;A2C - ARC CLUB DE LA COTIERE - BEYNOST;CR01;010;Para-tir à l'arc à 18m;individuel;2027;;;;;;;;;;Validée;78212
15/11/2026;15/11/2026;LES ARCHERS DE LA JEUNE LOIRE;BEAUZAC;0143137;LES ARCHERS DE LA JEUNE LOIRE;CR01;430;Tir à 18m;individuel;2027;perrinarc@orange.fr;https://archersjeuneloire.fr/;CENTRE DE TIR 0 L4ARC;1 Chemin allée des archers;43590;BEAUZAC;4.10867;45.25849;;Validée;78559
15/11/2026;15/11/2026;LES ARCHERS DE LA JEUNE LOIRE;BEAUZAC;0143137;LES ARCHERS DE LA JEUNE LOIRE;CR01;430;Para-tir à l'arc à 18m;individuel;2027;;;;;;;;;;Validée;78560
15/11/2026;15/11/2026;TIR À 18 M;"PLOUMILLIAU PLOULEC&apos;H";0322017;ARCHERS COTE DES BRUYERES;CR03;220;Tir à 18m;individuel;2027;momenceau.chris@gmail.com;;Gymnase de Ploumilliau;47 Rue du CLANDY;22300;PLOUMILLIAU;-3.51311;48.67701;;Validée;79607
15/11/2026;15/11/2026;CD 88 SALLE;VITTEL;0688207;LA FLECHE THERMALE;CR06;880;Tir à 18m;individuel;2027;la.fleche.thermale@gmail.com;https://www.laflechethermale.fr;CPO;Avenue HAUT DU FOL;88800;VITTEL;5.93784;48.19405;;Validée;79491
15/11/2026;15/11/2026;CD 88 SALLE;VITTEL;0688207;LA FLECHE THERMALE;CR06;880;Para-tir à l'arc à 18m;individuel;2027;;;;;;;;;;Validée;79492
15/11/2026;15/11/2026;2X18M;48.016301075707354, 7.383550512345017;0668173;ARC CLUB STE CX PLAINE;CR06;680;Tir à 18m;individuel;2027;Jezabel.ougier@hotmail.com;http://arc-club-ste-croix.asso-web.com;Salle la Colombe;Rue Sainte-Exupéry;68127;STE CROIX EN PLAINE;7.38363;48.01677;;Validée;77339
15/11/2026;15/11/2026;"CHALLENGE D&apos;AUTOMNE";LINGOLSHEIM;0667143;COMPAGNONS D'ARC LINGOLSHEIM;CR06;670;Tir à 18m;individuel;2027;wernerteric@evc.net;http://www.archers-lingolsheim.fr;stade de lingolsheim;Rue de Graffenstaden;67380;LINGOLSHEIM;7.6798;48.4453;;Validée;77699
15/11/2026;15/11/2026;CONCOURS SALLE DE MORSANG SUR ORGE;MORSANG SUR ORGE;0891152;CIE DE MORSANG S/ORGE;CR08;910;Tir à 18m;individuel;2027;lachopardiere@gmail.com;http://club.sportsregions.fr/archersmorsang;GYMNASE EVERBECQ;15 Rue GUY MOCQUET;91390;MORSANG SUR ORGE;2.35457;48.66132;;Validée;79097
15/11/2026;15/11/2026;TARNOS1 18M;TARNOS;1064167;S.I.C.S.- B.T TIR A L'ARC;CR10;640;Tir à 18m;individuel;2027;sicsbt.tiralarc@gmail.com;https://sicsbt-tir-arc.wixsite.com/boucau-tarnos;Gymnase Léo Lagrange;13 Allée du Collège;40220;TARNOS;-1.48378;43.54362;;Validée;77902
15/11/2026;15/11/2026;CONCOURS SALLE;SAINT JUNIEN;1087205;ASSOCIATION SPORTIVE DE TIR A L'ARC DE ST JUNIEN;CR10;870;Tir à 18m;individuel;2027;mayade.sebastien@gmail.com;http://www.arc-saint-junien.fr;Gymnase Paul eluard;Rue Leo Lagrange;87200;ST JUNIEN;0.89657;45.89589;;Validée;78210
15/11/2026;15/11/2026;"TIR NATURE D&apos;AUTOMNE";POMPIGNAN;1182226;LES ARCHERS DU MARQUIS DE POMPIGNAN;CR11;820;Tir Nature;individuel;2027;corinne.ayral@orange.fr;;ancien ball trap;Chemin des palombes;82170;POMPIGNAN;;;;Validée;77235
15/11/2026;15/11/2026;"CONCOURS SÉLECTIF D&apos;AUTOMNE";LUNEL;1134127;LES ARCHERS DE LUNEL;CR11;340;Tir à 18m;individuel;2027;lunel@archersdelunel.fr;http://www.archersdelunel.fr;Halle intercommunale;Avenue Louis médard;34400;LUNEL;;;;Validée;77555
15/11/2026;15/11/2026;"CONCOURS SÉLECTIF D&apos;AUTOMNE";LUNEL;1134127;LES ARCHERS DE LUNEL;CR11;340;Para-tir à l'arc à 18m;individuel;2027;;;;;;;;;;Validée;77556
15/11/2026;15/11/2026;CONCOURS ARC CLUB ALESIEN;ALES;1130048;ARC CLUB ALESIEN;CR11;300;Tir à 18m;individuel;2027;angel.martin2324@gmail.com;http://www.arcclubalesien.com;halle des sports de Clavières;"Avenue vincent d&apos;Indy";30100;ALES;4.10176;44.13565;;Validée;77659
15/11/2026;15/11/2026;SALLE NOVEMBRE;SABLE SUR SARTHE;1272090;LES ARCHERS DE SABLE;CR12;720;Tir à 18m;individuel;2027;chailleuxlionel72@gmail.com;lesarchersdesable72@gmail.com;salle henri bonnet;Route de precigne;72300;SABLE SUR SARTHE;-0.32016;47.82821;;Validée;77332
15/11/2026;15/11/2026;SALLE NOVEMBRE;SABLE SUR SARTHE;1272090;LES ARCHERS DE SABLE;CR12;720;Para-tir à l'arc à 18m;individuel;2027;;;;;;;;;;Validée;77333
15/11/2026;15/11/2026;SÉLECTIF LA BAULE;LA BAULE;1244015;A.S.C.E. TIR A L'ARC;CR12;440;Tir à 18m;individuel;2027;secretariat.ascetiralarc@gmail.com;http://ascearclabaule-escoublac.clubeo.com/;COMPLEXE SPORTIF ALAIN BURBAN;7 Avenue DU BOIS ROBIN;44500;LA BAULE ESCOUBLAC;-2.35415;47.29548;;Validée;77447
15/11/2026;15/11/2026;TIR SALLE 18 M;AZE;1253085;TIR A L'ARC CHATEAU GONTIER;CR12;530;Tir à 18m;individuel;2027;chateaugontier.tiralarc@gmail.com;https://tiralarcchg.sportregion.fr;Salle des azélines;Rue de la croix de pierre;53200;AZE;-0.68262;47.82271;;Validée;77790
15/11/2026;15/11/2026;TIR SALLE 18 M;AZE;1253085;TIR A L'ARC CHATEAU GONTIER;CR12;530;Para-tir à l'arc à 18m;individuel;2027;;;;;;;;;;Validée;77791
15/11/2026;15/11/2026;TIR SALLE 02;CAYENNE;CR36;COMITE REGIONAL DE GUYANE;CR36;;Tir à 18m;individuel;2027;cttag973@gmail.com;BOULEVARD DE LA RÉPUBLIQUE,RUE DES FLORALIES;HALL ESPACE SPORTIF SERGE MARIGARD;Boulevard BOULEVARD DE LA RÉPUBLIQUE,RUE DES FLORALIES;97300;CAYENNE;-52.32308;4.93815;;Validée;78058
16/09/2026;20/09/2026;"ROI DE L&apos;OISEAU";LE PUY-EN-VELAY (43);0143146;1ERE CIE D'ARCHERS DU VELAY;CR01;430;Loisirs Débutant et confirmé;individuel;2027;archersduvelay@hotmail.fr;https://archers-du-velay.kalisport.com;Exterieur;Place du Breuil;43000;LE PUY EN VELAY;3.88327;45.04179;;Validée;78365
16/10/2026;16/10/2026;HALLOWEEN;CHASSIEU;0169213;CHASSIEU TIR A L'ARC;CR01;690;Loisirs Débutant et confirmé;individuel;2027;chassieuarc@gmail.com;http://chassieutiralarc.e-monsite.com;complexe provisoire;48 Rue oreste zenezini;69680;CHASSIEU;4.96781;45.74286;;Validée;77225
16/10/2026;17/10/2026;CONCOURS 18 M;VEZIN LE COQUET;0335091;AVENIR SPORTIF VEZIN;CR03;350;Tir à 18m;individuel;2027;isabelle.chancerel@orange.fr;http://as-vezin-tiralarc.clubeo.com/;salle cornouaille;9 Rue du stade;35132;VEZIN LE COQUET;-1.7572;48.11369;;Validée;78653
16/10/2026;17/10/2026;CONCOURS 18 M;VEZIN LE COQUET;0335091;AVENIR SPORTIF VEZIN;CR03;350;Para-tir à l'arc à 18m;individuel;2027;;;;;;;;;;Validée;78654
16/10/2026;18/10/2026;TIR A 18M - ST JEAN DE BRAYE;SAINT-JEAN DE BRAYE;0445116;LES ARCHERS DE ST JEAN DE BRAYE;CR04;450;Tir à 18m;individuel;2027;president.tiralarc@smoc-asso.fr;https://www.archersdestjeandebraye-smoc.com/;"Salle Tir à l&apos;arc BONAVIA";Parc PETIT BOIS;45800;ST JEAN DE BRAYE;;;;Validée;79444
16/10/2026;18/10/2026;TIR A 18M - ST JEAN DE BRAYE;SAINT-JEAN DE BRAYE;0445116;LES ARCHERS DE ST JEAN DE BRAYE;CR04;450;Para-tir à l'arc à 18m;individuel;2027;;;;;;;;;;Validée;79445
16/10/2026;18/10/2026;"TIR BEURSAULT DANS UN JEU D&apos;ARC";ARDIN;1079182;LES ARCHERS DE L'AUTIZE;CR10;790;Tir Beursault;individuel;2027;lesarchersdelautize@gmail.com;http://www.lesarchersdelautize.com;"JEU D&apos;ARC DE LA COMPAGNIE";Chemin Chemin des archers;79160;ARDIN;-0.54957;46.47619;;Validée;79354
16/11/2026;16/11/2026;CONCOURS DES ARCHERS SANS LIMITE;FLAVIGNY SUR MOSELLE;0654212;LES ARCHERS SANS LIMITE;CR06;540;Tir à 18m;individuel;2027;tanko54@bbox.fr;;Gymnase EREA;69 Rue de Mirecourt;54630;FLAVIGNY SUR MOSELLE;6.18628;48.56596;;Validée;79285
16/11/2026;16/11/2026;CONCOURS DES ARCHERS SANS LIMITE;FLAVIGNY SUR MOSELLE;0654212;LES ARCHERS SANS LIMITE;CR06;540;Para-tir à l'arc à 18m;individuel;2027;;;;;;;;;;Validée;79286
17/10/2026;18/10/2026;PUSIGNAN 2X18 2026;PUSIGNAN;0169182;CIE TIR ARC DE PUSIGNAN;CR01;690;Tir à 18m;individuel;2027;tiralarc.pusignan@gmail.com;http://compagniedarcpusignan.fr;Gymnase Jean Brissaud;"Rue de l&apos;Egalité";69330;PUSIGNAN;5.06792;45.75462;;Validée;77862
17/10/2026;17/10/2026;OCTOBRE ROSE;SEYNOD;0174246;CIE DE TIR A L'ARC LES SAGITTAIRES;CR01;740;Loisirs Confirmé;individuel;2027;lessagittairesdeseynod@gmail.com;https://arc-agglo-annecy.fr;Gymnase du Semnoz;Rue du muraillon;74600;SEYNOD;6.09537;45.88733;;Validée;77977
17/10/2026;17/10/2026;OCTOBRE ROSE;SEYNOD;0174246;CIE DE TIR A L'ARC LES SAGITTAIRES;CR01;740;Loisirs Confirmé;individuel;2027;lessagittairesdeseynod@gmail.com;https://arc-agglo-annecy.fr;Gymnase du Semnoz;34 Rue du muraillon;74600;SEYNOD;6.09532;45.88723;;Validée;77983
17/10/2026;18/10/2026;TIR À 18M;LYON 7;0169206;ARCHERS DE LUGDUNUM VII;CR01;690;Tir à 18m;individuel;2027;archers.lugdunum7@gmail.com;http://lugdunum7.fr/;Gymnase Gabriel ROSSET;7 Avenue du chateau de Gerland;69007;LYON 07;;;;Validée;78582
17/10/2026;18/10/2026;2X18M ST BEAUZIRE;SAINT BEAUZIRE;0163168;LES ARCHERS DE LIMAGNE DE ST BEAUZIRE;CR01;630;Tir à 18m;individuel;2027;archersdelimagne@gmail.com;;Espace sportif;Rue Du maringot;63360;ST BEAUZIRE;3.18236;45.85516;;Validée;79025
17/10/2026;18/10/2026;TIR EN SALLE  2X18M;SEMUR EN AUXOIS;0221018;CIE ARC L AUXOIS;CR02;210;Tir à 18m;individuel;2027;cie.archers.auxois@gmail.com;https://www.compagnie-archers-auxois.com/;SALLE DES ARCHERS;Route DE VENAREY LES LAUMES;21140;SEMUR EN AUXOIS;;;;Validée;79235
17/10/2026;18/10/2026;TIR EN SALLE  2X18M;SEMUR EN AUXOIS;0221018;CIE ARC L AUXOIS;CR02;210;Para-tir à l'arc à 18m;individuel;2027;;;;;;;;;;Validée;79236
17/10/2026;18/10/2026;TIR SALLE + PARA TIR ARC + PARA TIR ARC ADAPTÉ;BELFORT;0290115;LES ARCHERS DE LA SAVOUREUSE BELFORT;CR02;900;Tir à 18m;individuel;2027;archers.savoureuse.belfort1@orange.fr;http://archers-savoureuse-belfort.com;Gymnase Roger Serzian;"Rue de l&apos;adjoint Henri Saussot";90000;BELFORT;6.84177;47.63282;;Validée;79313
17/10/2026;18/10/2026;TIR SALLE + PARA TIR ARC + PARA TIR ARC ADAPTÉ;BELFORT;0290115;LES ARCHERS DE LA SAVOUREUSE BELFORT;CR02;900;Para-tir à l'arc à 18m;individuel;2027;cr.bfc.ta@gmail.com;http://www.cr-bfc-tiralarc.net;GYMNASE ROGER SERZIAN;Rue HENRI SAUSSOT;90000;BELFORT;6.84177;47.63282;;Validée;79314
17/10/2026;18/10/2026;CONCOURS SALLE 3 DEPARTS;BESANCON;0225034;LA DECOCHE BISONTINE;CR02;250;Tir à 18m;individuel;2027;decochebisontine@gmail.com;https://decochebisontine.sportsregions.fr;GYMNASE DE FONTAINE ECU;28 Rue FONTAINE ECU;25000;BESANCON;6.00901;47.25124;;Validée;79469
17/10/2026;18/10/2026;CONCOURS SALLE 3 DEPARTS;BESANCON;0225034;LA DECOCHE BISONTINE;CR02;250;Para-tir à l'arc à 18m;individuel;2027;;;;;;;;;;Validée;79470
17/10/2026;17/10/2026;BEURSAULT;MACON;0271076;COMPAGNIE DES ARCHERS MACONNAIS;CR02;710;Tir Beursault;individuel;2027;archers.maconnais@yahoo.fr;http://archersmaconnais.fr;COMPLEXE SPORTIF JEAN BURNICHON;Rue LEO LAGRANGE;71000;MACON;4.81614;46.29818;;Validée;79471
17/10/2026;18/10/2026;TIR A 18M;CLUB VERT AUXERRE;0289091;LES CADETS D'AUXERRE TIR A L'ARC;CR02;890;Tir à 18m;individuel;2027;d.migli21@orange.fr;;CLUB VERT;35 Route DE VAUX;89000;AUXERRE;3.59873;47.78165;;Validée;77662
17/10/2026;17/10/2026;TIR A 18 METRES SPECIAL FEMININ;LAILLÉ;0335084;LES ARCHERS DE LAILLE;CR03;350;Tir à 18m;individuel;2027;bdemelin@free.fr;http://www.lesarchersdelaille.com/;Salle des Boulais;Impasse du Pigeon Blanc;35890;LAILLE;-1.73171;47.97945;;Validée;77510
17/10/2026;17/10/2026;TIR A 18 METRES SPECIAL FEMININ;LAILLÉ;0335084;LES ARCHERS DE LAILLE;CR03;350;Para-tir à l'arc à 18m;individuel;2027;;;;;;;;;;Validée;77527
17/10/2026;18/10/2026;TIR A 18 METRES;PLOERMEL;0356102;ARCHER DE LA TABLE RONDE;CR03;560;Tir à 18m;individuel;2027;archers.de.ploermel@gmail.com;https://archerstableronde.sportsregions.fr;LA HALLE DES SPORTS;Impasse DES OLYMPIADES;56800;PLOERMEL;-2.39114;47.92544;;Validée;77596
17/10/2026;18/10/2026;TIR A 18 METRES;PLOERMEL;0356102;ARCHER DE LA TABLE RONDE;CR03;560;Para-tir à l'arc à 18m;individuel;2027;;;;;;;;;;Validée;77597
17/10/2026;18/10/2026;TIR À 18 M;GUIPAVAS;0329052;LES ARCHERS DE GUIPAVAS;CR03;290;Tir à 18m;individuel;2027;Lesarchersdeguipavas@gmail.com;https://lesarchersdeguipavas.jimdofree.com/;Salle du Moulin NEUF;Route keralliou;29490;GUIPAVAS;-4.39868;48.44606;;Validée;77963
17/10/2026;18/10/2026;CONCOURS TIR 3D - VANNES;SAINT NOLFF;0356115;ARCHERS DE RICHEMONT;CR03;560;Tir 3D;individuel;2027;archersderichemont56@gmail.com;http://www.archers-de-richemont-vannes.fr;Roscanvec;Route BODAVINI;56250;ELVEN;-2.63996;47.6839;;Validée;78232
17/10/2026;17/10/2026;TIR NATURE AUX SINGEONS SAMEDI APRÉS MIDI;LES SINGEONS - CHANTECOQ;0445140;ARCHERS DU VAL ST JACQUES;CR04;450;Tir Nature;individuel;2027;jcamilleri1@orange.fr;;Le panier des Singeons-Chantecoq;Route des Singeons;45320;CHANTECOQ;2.9857;48.03116;https://extranet.ffta.fr/medias/documents_epreuves/110c3c356edd46.pdf;Validée;79578
17/10/2026;18/10/2026;SELECTIF FRANCE;CREUTZWALD;0657137;LES ARCHERS DE CREUTZWALD;CR06;570;Tir à 18m;individuel;2027;contact@archer-creutzwald.fr;https://www.archer-creutzwald.fr;gymnase du centre;Rue Maréchal ney;57150;CREUTZWALD;6.69795;49.20608;;Validée;77946
17/10/2026;18/10/2026;CHALLENGE AUTOMNE ET OCTOBRE ROSE;CHARLEVILLE-MÉZIÈRES;0608003;COMPAGNIE CHARLES DE GONZAGUE;CR06;080;Tir à 18m;individuel;2027;archersdegonzague@free.fr;http://archersdegonzague.fr;Gymnase Mozart;1 Rue Mozart;08000;CHARLEVILLE MEZIERES;4.71015;49.78194;;Validée;78396
17/10/2026;18/10/2026;TIR A 18M;BRIENNE LE CHATEAU;0610028;LES ARCHERS BRIENNOIS;CR06;100;Tir à 18m;individuel;2027;lesarchersbriennois@orange.fr;;Salle Polyvalente;Rue du 8 mai 1945;10500;BRIENNE LE CHATEAU;4.5236;48.38671;;Validée;79042
17/10/2026;18/10/2026;TIR A 18M;BRIENNE LE CHATEAU;0610028;LES ARCHERS BRIENNOIS;CR06;100;Para-tir à l'arc à 18m;individuel;2027;;;;;;;;;;Validée;79043
17/10/2026;18/10/2026;TIR EN SALLE;CHAUMONT;0652058;1 ERE COMPAGNIE DE CHAUMONT;CR06;520;Tir à 18m;individuel;2027;archersdechaumont@gmail.com;https://archers-de-chaumont.clubeo.com/;GYMNASE GAGARINE;Rue DU PATRONAGE LAIQUE;52000;CHAUMONT;5.146;48.10436;;Validée;79054
17/10/2026;18/10/2026;TIR EN SALLE;CHAUMONT;0652058;1 ERE COMPAGNIE DE CHAUMONT;CR06;520;Para-tir à l'arc à 18m;individuel;2027;;;;;;;;;;Validée;79055
17/10/2026;18/10/2026;COMPÉTITION LEERS;LEERS;0759124;ARCHERS LEERSOIS L.O.S.;CR07;590;Tir à 18m;individuel;2027;lostiralarcleers@orange.fr;;"salle municipale de tir à l&apos;arc";Rue pasteur;59115;LEERS;;;;Validée;78014
17/10/2026;18/10/2026;CONCOURS SALLE DE SENLIS - OCTOBRE 2026;SENLIS;0760157;COMPAGNIE D'ARC DE SENLIS MONTAUBAN;CR07;600;Tir à 18m;individuel;2027;frette.michael@gmail.com;https://compagniemontauban.wordpress.com;Gymnase des 3 Arches;Rue Eugène Gazeau;60300;SENLIS;;;;Validée;78965
17/10/2026;18/10/2026;TIR A 18M;AIRE SUR LA LYS;0762291;LA FLECHE AIROISE;CR07;620;Tir à 18m;individuel;2027;thomas.iket62@gmail.com;https://www.laflecheairoise.fr;Salle Henri Berton;2 Rue Jean Jaurès;62120;AIRE SUR LA LYS;2.4006;50.63549;;Validée;77238
17/10/2026;18/10/2026;CONCOURS SQTA;SAINT QUENTIN;0702061;SAINT-QUENTIN TIR A L'ARC;CR07;020;Tir à 18m;individuel;2027;ribeaucourt.francois@bbox.fr;http://www.saint-quentin-tiralarc.com;Espace multisports;6 Chemin de Neuville;02100;ST QUENTIN;3.31109;49.83373;;Validée;77800
17/10/2026;18/10/2026;CONCOURS TIR EN SALLE OCT 2026;FONTAINEBLEAU;0877060;CIE ARC FONTAINEBLEAU-AVON;CR08;770;Tir à 18m;individuel;2027;contact@cafa77.com;https://www.cafa77.com;gymnase Lucien Martinel;"Route de l&apos;Ermitage";77300;FONTAINEBLEAU;2.63501;48.40928;;Validée;77899
17/10/2026;18/10/2026;CONCOURS TIR EN SALLE OCT 2026;FONTAINEBLEAU;0877060;CIE ARC FONTAINEBLEAU-AVON;CR08;770;Para-tir à l'arc à 18m;individuel;2027;;;;;;;;;;Validée;77900
17/10/2026;18/10/2026;TIR À 18 M;MONTIGNY LE BRETONNEUX;0878132;CTA A.S.MONTIGNY LE BRETONNEUX;CR08;780;Tir à 18m;individuel;2027;club@archersmontigny78.fr;http://www.archersmontigny78.fr/;GYMNASE PIERRE DE COUBERTIN;2 Rue CHARLES LINNE;78180;MONTIGNY LE BRETONNEUX;2.03228;48.77827;;Validée;78190
17/10/2026;18/10/2026;PINK TARGET - OCTOBRE ROSE;LISSES;0891147;CIE D'ARC DE LISSES;CR08;910;Loisirs Débutant et confirmé;uniquement équipe;2027;al.vetele@gmail.com;http://compagniearclisses.com;Gymnase Jean Moulin;Rue Eugène Maintenant;91090;LISSES;2.42306;48.6011;;Validée;78459
17/10/2026;18/10/2026;TIR SALLE MERIEL 2026;MERIEL;0895277;COMPAGNIE DES ARCHERS DU CHATEAU;CR08;950;Tir à 18m;individuel;2027;jpcourtois.meriel@gmail.com;https://www.archersduchateau.fr;Gymnase BREITTMAYER;Place des Chênes;95630;MERIEL;2.21753;49.07033;;Validée;78739
17/10/2026;18/10/2026;CONCOURS 2X18M ARGENCES 2026;ARGENCES;0914018;LES ARCHERS D'ARGENCES;CR09;140;Tir à 18m;individuel;2027;ludovic.bouet@lesarchersdargences.fr;https://lesarchersdargences.fr;Gymnase des Coteaux;Allée Val ès Dunes;14370;ARGENCES;-0.1676;49.12056;;Validée;77972
17/10/2026;18/10/2026;CONCOURS 2X18M ARGENCES 2026;ARGENCES;0914018;LES ARCHERS D'ARGENCES;CR09;140;Para-tir à l'arc à 18m;individuel;2027;;;;;;;;;;Validée;77973
17/10/2026;18/10/2026;CONCOURS OFFICIEL 18M ARGENTAN;ARGENTAN;0961085;BAYARD ARGENTAN;CR09;610;Tir à 18m;individuel;2027;ludovic.boutonnet61@gmail.com;http://labayardtiralarc.weebly.com;Boulodrome;"Rue Rue du 104ième régiment d&apos;infanterie";61200;ARGENTAN;-0.01246;48.74331;;Validée;78911
17/10/2026;18/10/2026;TIR EN SALLE 2*18 METRES;ST AUBIN LES ELBEUF;0976120;LES ARCHERS DU QUESNOT;CR09;760;Tir à 18m;individuel;2027;les.archers.du.quesnot@gmail.com;regine.lequesne@free.fr;salle Ladoumegue Jules;Andre Malraux Rue Andre Malraux;76410;ST AUBIN LES ELBEUF;1.0324;49.30272;;Validée;77454
17/10/2026;18/10/2026;TIR EN SALLE 2*18 METRES;ST AUBIN LES ELBEUF;0976120;LES ARCHERS DU QUESNOT;CR09;760;Para-tir à l'arc à 18m;individuel;2027;;;;;;;;;;Validée;77456
17/10/2026;17/10/2026;CONCOURS SALLE;DONVILLE LES BAINS;0950059;LES ARCHERS DONVILLAIS;CR09;500;Tir à 18m;individuel;2027;gerardvanderperre0347@gmail.com;http://lesarchersdonvillais.clubeo.com;HALLE DES SPORTS;8-14 Rue DE LA PASSARDIERE;50350;DONVILLE LES BAINS;-1.57323;48.84811;;Validée;77610
17/10/2026;18/10/2026;2X18M - MELMORT SUR CORRÈZE;MALEMORT SUR CORRÈZE;1019043;CIE DES ARCHERS DE MALEMORT;CR10;190;Tir à 18m;individuel;2027;archers.de.malemort@gmail.com;https://www.archersdemalemort.com/;Parc omnisports Raymond Fauché - Tennis couvert;Avenue du parc des sports;19360;MALEMORT SUR CORREZE;;;;Validée;77745
17/10/2026;17/10/2026;CHALLENGE TIR AU FÉMININ;SOS STE MAURE DE PEYRIAC;1047146;ARCHERS DE LA TENAREZE;CR10;470;Loisirs Débutant et confirmé;individuel;2027;jacques.sottoriva@gmail.com;https://archers-tenareze.org;salle;1 Route sos;47170;STE MAURE DE PEYRIAC;;;;Validée;77832
17/10/2026;17/10/2026;CONCOURS TIR A 18 M;FUMEL;1047206;ARC CLUB FUMEL VALLEE DU LOT;CR10;470;Tir à 18m;individuel;2027;arcclubfumelvl@orange.fr;;Gymnase de la cité scolaire;Avenue Charles de Gaulle;47500;FUMEL;0.95723;44.49695;;Validée;77881
17/10/2026;18/10/2026;CONCOURS NATURE AUROS;BOMMES;1033110;LES ARCHERS D'AUROS;CR10;330;Tir Nature;individuel;2027;roy.bastien@wanadoo.fr;https://lesarchersdauros.sportsregions.fr/;Lycée La Tour Blanche;1 Chemin la Tour Blanche;33210;BOMMES;-0.35141;44.54264;;Validée;77953
17/10/2026;17/10/2026;TOURNOI POUSSIN;SMARVES;1086189;LA FLECHE PICTAVE;CR10;860;Loisirs Débutant et confirmé;individuel;2027;club@flechepictave.fr;http://www.flechepictave.fr;Salle entrainement - Hall de Sport MArcel Bernard;Rue des gally;86240;SMARVES;0.34828;46.50448;;Validée;78306
17/10/2026;18/10/2026;TIR EN SALLE OCTOBRE 2026;SAINT MEDARD EN JALLES;1033113;ST MEDARD ARCHERS DES JALLES;CR10;330;Tir à 18m;individuel;2027;sylvaincornaglia@gmail.com;http://www.archersdesjalles.fr;SALLE ARIANE;Allée DU PREUILHA;33160;ST MEDARD EN JALLES;-0.70527;44.89432;;Validée;78397
17/10/2026;17/10/2026;"CONCOURS COMBINÉ ARC&apos;MAGNAC EN SALLE À BOURROUILLAN";BOURROUILLAN;1132227;ARC'MAGNAC;CR11;320;Tir à 18m;individuel;2027;arcmagnac@gmail.com;https://arc-magnac.clubeo.com/;Salle des Sports;Route du catalan;32370;BOURROUILLAN;-0.01213;43.81987;;Validée;77932
17/10/2026;18/10/2026;CONCOURS EN SALLE OCTOBRE 2026;PONT ST ESPRIT;1130056;ARC CLUB DE PONT ST ESPRIT;CR11;300;Tir à 18m;individuel;2027;bbonaldi73@gmail.com;35 CHEMIN DE LA BENETTE;COMPLEXE SPORTIF CLOS BON AURE;Place DU MAQUIS BIR HAKEIM;30130;PONT ST ESPRIT;4.64013;44.25397;;Validée;77212
17/10/2026;18/10/2026;TIR A 18M;MONTAIGU VENDEE;1285121;LES ARCHERS DE LA DIGUE;CR12;850;Tir à 18m;individuel;2027;archersdeladigue.president@gmail.com;http://archersdeladigue.fr/;Complexe sportif Léonard de Vinci;35 Rue du Fromenteau;85600;MONTAIGU - VENDEE;-1.29712;46.97013;;Validée;77747
17/10/2026;18/10/2026;TIR A 18M;MONTAIGU VENDEE;1285121;LES ARCHERS DE LA DIGUE;CR12;850;Para-tir à l'arc à 18m;individuel;2027;;;;;;;;;;Validée;77748
17/10/2026;18/10/2026;CONCOURS SALLE;LE LUART;1272095;UNION SPORTIVE DU LUART;CR12;720;Para-tir à l'arc à 18m;individuel;2027;annemarieaa72@gmail.com;http://usl-le-luart.fr.gd;salle communautaire;Rue des bains;72390;LE LUART;0.59272;48.07366;;Validée;77927
17/10/2026;18/10/2026;CONCOURS SALLE;LE LUART;1272095;UNION SPORTIVE DU LUART;CR12;720;Tir à 18m;individuel;2027;annemarieaa72@gmail.com;http://usl-le-luart.fr.gd;salle communautaire;Rue des bains;72390;LE LUART;0.59272;48.07366;;Validée;77928
17/10/2026;18/10/2026;CONCOURS SALLE;LE MAY SUR EVRE;1249052;LES ARCHERS DU MAY - ENERGIE;CR12;490;Tir à 18m;individuel;2027;lesarchersdumay-energie@outlook.fr;;complexe sportif;Rue du stade;49122;LE MAY SUR EVRE;-0.89645;47.13958;;Validée;78090
17/10/2026;18/10/2026;CONCOURS EVRON OUVERT HANDISPORT;EVRON;1253076;CLUB ATHLETIQUE EVRONNAIS;CR12;530;Tir à 18m;individuel;2027;cae.tiralarc@gmail.com;https://caevronnais-tir-a-larc.jimdosite.com/;hall des expositions;32 Rue de montaigu;53600;EVRON;-0.4069;48.15218;;Validée;78417
17/10/2026;18/10/2026;CONCOURS EVRON OUVERT HANDISPORT;EVRON;1253076;CLUB ATHLETIQUE EVRONNAIS;CR12;530;Para-tir à l'arc à 18m;individuel;2027;;;;;;;;;;Validée;78418
17/10/2026;18/10/2026;TIR EN SALLE 18 M;PORNIC;1244046;LES ARCHERS PORNICAIS;CR12;440;Tir à 18m;individuel;2027;les.archers.pornicais@gmail.com;https://archers-pornicais.fr/;Pôle Des Buissonnets;Rue 30 bis Rue des Buissonnets;44210;PORNIC;-2.08316;47.11166;https://extranet.ffta.fr/medias/documents_epreuves/110cdba39e78fe.pdf;Validée;78940
17/10/2026;18/10/2026;TIR EN SALLE 18 M;PORNIC;1244046;LES ARCHERS PORNICAIS;CR12;440;Para-tir à l'arc à 18m;individuel;2027;;;;;;;;;https://extranet.ffta.fr/medias/documents_epreuves/110cdbb252b1ec.pdf;Validée;79074
17/10/2026;18/10/2026;CONCOURS SALLE;LE MAY SUR EVRE;1249052;LES ARCHERS DU MAY - ENERGIE;CR12;490;Para-tir à l'arc à 18m;individuel;2027;;;;;;;;;;Validée;79298
17/10/2026;17/10/2026;CONCOURS JEUNES ET ADULTES DEBUTANTS;MONTAIGU;1285121;LES ARCHERS DE LA DIGUE;CR12;850;Loisirs Débutant;individuel;2027;archersdeladigue.president@gmail.com;http://archersdeladigue.fr/;complexe sportif Leonard de Vinci;35 Rue du Fromenteau;85600;MONTAIGU;-1.29712;46.97013;;Validée;79676
17/10/2026;18/10/2026;CONCOURS SELECTIF 2X18M;LE MUY;1383108;LES ARCHERS DES SIX LANCES;CR13;830;Tir à 18m;individuel;2027;archersdessixlances@gmail.com;http://archersdes6lances.com;Gymnase de la Peyroua;378  Boulevard Charles De Gaulle;83490;LE MUY;6.55425;43.47091;;Validée;77244
17/10/2026;18/10/2026;CONCOURS SELECTIF 2X18M;LE MUY;1383108;LES ARCHERS DES SIX LANCES;CR13;830;Para-tir à l'arc à 18m;individuel;2027;;;;;;;;;;Validée;77245
17/10/2026;18/10/2026;TIR 2X18M OCTOBRE;VEDENE;1384131;COMPAGNIE D'ARC DE VEDENE;CR13;840;Tir à 18m;individuel;2027;cie.arc.vedene@gmail.com;http://www.ciearc-vedene.net;Gymnase Pradayrol;Allée MARCEL PAGNOL;84270;VEDENE;4.91279;43.97506;;Validée;77867
17/10/2026;18/10/2026;TIR 2X18M OCTOBRE;VEDENE;1384131;COMPAGNIE D'ARC DE VEDENE;CR13;840;Para-tir à l'arc à 18m;individuel;2027;;;;;;;;;;Validée;77868
17/10/2026;17/10/2026;DEFI DES AFFREUX;FORT-DE-FRANCE;3997001;ASSOCIATION CARIBEENNE DE TIR A L'ARC;CR39;972;Loisirs Débutant et confirmé;individuel;2027;clubacta972@gmail.com;https://acta972.sportsregions.fr/;Lycée Schoelcher;Boulevard Robert Attuly;97200;FORT DE FRANCE;-61.07736;14.60334;;Validée;79628
18/10/2026;18/10/2026;CONCOURS SALLE PASSY;PASSY;0174287;LES ARCHERS DU MONT BLANC;CR01;740;Tir à 18m;individuel;2027;archersdumontblanc@gmail.com;http://lesarchersdumontbanc.ovh/;Boulodrome Municipal;844 Avenue de l’Aérodrome;74190;PASSY;6.71298;45.92001;;Validée;77919
18/10/2026;18/10/2026;3D OURCHES;OURCHES;0126072;ARCHERS DE LA RAYE;CR01;260;Tir 3D;individuel;2027;alexis.dew@hotmail.fr;http://lesarchersdelaraye.over-blog.com;domaine des Chabiers;Route de la salette;26120;OURCHES;5.01518;44.4825;;Validée;79181
18/10/2026;18/10/2026;TIR A 18M;MACON;0271076;COMPAGNIE DES ARCHERS MACONNAIS;CR02;710;Tir à 18m;individuel;2027;archers.maconnais@yahoo.fr;http://archersmaconnais.fr;COMPLEXE SPORTIF JEAN BURNICHON;Rue LEO LAGRANGE;71000;MACON;4.81614;46.29818;;Validée;79472
18/10/2026;18/10/2026;TIR A 18M;MACON;0271076;COMPAGNIE DES ARCHERS MACONNAIS;CR02;710;Para-tir à l'arc à 18m;individuel;2027;;;;;;;;;;Validée;79473
18/10/2026;18/10/2026;TIR EN SALLE;COSNE COURS SUR LOIRE;0258058;1ERE COMPAGNIE COSNE SUR LOIRE;CR02;580;Tir à 18m;individuel;2027;tiralarc.cosne@gmail.com;;Gymnase René CASSIN;Route de Cours;58200;COSNE COURS SUR LOIRE;2.94751;47.42888;;Validée;79550
18/10/2026;18/10/2026;TIR EN SALLE;COSNE COURS SUR LOIRE;0258058;1ERE COMPAGNIE COSNE SUR LOIRE;CR02;580;Para-tir à l'arc à 18m;individuel;2027;;;;;;;;;;Validée;79551
18/10/2026;18/10/2026;TIR NATURE DIMANCHE MATIN AUX SINGEONS - CHANTECOQ;LES SINGEONS - CHANTECOQ;0445140;ARCHERS DU VAL ST JACQUES;CR04;450;Tir Nature;individuel;2027;jcamilleri1@orange.fr;;Le panier des Singeons;Route des singeons;45320;CHANTECOQ;2.9857;48.03116;https://extranet.ffta.fr/medias/documents_epreuves/110c3c61f2acee.pdf;Validée;79553
18/10/2026;18/10/2026;TIR NATURE APRES MIDE AUX SINGEONS-CHANTECOQ;LIEU DIT LES SINGEONS - CHANTECOQ;0445140;ARCHERS DU VAL ST JACQUES;CR04;450;Tir Nature;individuel;2027;jcamilleri1@orange.fr;;le panier des Singeons;Route Des Singeons;45320;CHANTECOQ;2.9857;48.03116;https://extranet.ffta.fr/medias/documents_epreuves/110c3c540074e7.pdf;Validée;79554
18/10/2026;18/10/2026;3D;ALERIA;052B010;ASPTT BASTIA;CR05;2B000;Tir 3D;individuel;2027;noelcasula62@gmail.com;https://www.facebook.com/ASPTTARC;LAC DE TEPPE ROSSE;Chemin LAC DE TEPPE ROSSE;20270;ALERIA;9.47535;42.10486;;Validée;78989
18/10/2026;18/10/2026;"CHALLENGE D&apos;AUTOMNE";WISSEMBOURG;0667163;CIE ARCHERS DE WISSEMBOURG;CR06;670;Tir à 18m;individuel;2027;annemariebloch@orange.fr;;gymnase du SIVOM II;Place des fauvettes;67160;WISSEMBOURG;7.95459;49.03879;;Validée;78314
18/10/2026;18/10/2026;CONCOURS NATURE;NEUWILLER-LES-SAVERNE;0667157;CIE D'ARCHERS DU PAYS DE HANAU;CR06;670;Tir Nature;individuel;2027;caph67@gmail.com;http://www.archersdupaysdehanau.fr/;Terrain extérieur Sandgrupp;Route DE DOSSENHEIM;67330;NEUWILLER LES SAVERNE;7.39587;48.8162;;Validée;77560
18/10/2026;18/10/2026;NATURE OCTOBRE VILLERS BTX;GENTELLES;0780328;UNION DES ARCHERS - VILLERS BRETONNEUX;CR07;800;Tir Nature;individuel;2027;paulsagueztiralarc@gmail.com;https://union-des-archers-villers-bretonneux.sportsregions.fr/;Bois de la vallée aux loups;Route Amiens-Roye;80440;BOVES;2.43637;49.83705;;Reportée;77961
18/10/2026;18/10/2026;CONCOURS NATURE 21 CIBLES - 2 DÉPARTS;PRÉAUX;0976104;LES ARCHERS DE PREAUX;CR09;760;Tir Nature;individuel;2027;club.preaux76@laposte.net;https://www.arcpreaux.org/;Maison du bois;"Route d&apos;Isneauville";76160;PREAUX;1.203;49.49364;;Validée;77634
18/10/2026;18/10/2026;TIR EN SALLE 2X18M;COGNAC;1016007;1ERE CIE D'ARCHERS DE COGNAC;CR10;160;Tir à 18m;individuel;2027;president@archers-cognac.com;http://www.archers-cognac.com;gymnase Félix Gaillard;Avenue victor hugo;16100;COGNAC;-0.31937;45.69022;;Validée;77729
18/10/2026;18/10/2026;TIR 18M 2 DÉPARTS;LA TREMBLADE;1017033;LES ARCHERS TREMBLADAIS;CR10;170;Tir à 18m;individuel;2027;lesarchersdelestran@live.fr;https://www.lesarcherstrembladais.fr;Gymnase des Bengalis;95 Rue Marcel Gaillardon;17390;LA TREMBLADE;-1.15338;45.78277;;Validée;78277
18/10/2026;18/10/2026;DÉCOUVERTE RUN ARCHERY;ROCHEFORT SUR MER;1017026;S A R TIR A L'ARC;CR10;170;Loisirs Débutant et confirmé;individuel;2027;tresorier@sartiralarc.fr;https://www.sartiralarc.fr;corderie royale;10 Quai joseph bellot;17300;ROCHEFORT;-0.95556;45.94193;;Validée;79282
18/10/2026;18/10/2026;SELECTIF SALLE TIR A 18 METRES;PERPIGNAN;1166191;LES ARCHERS CATALANS - PERPIGNAN;CR11;660;Tir à 18m;individuel;2027;guy.ledrappier@orange.fr;;"salle de tir à l&apos;arc";Avenue du parc des expositions;66000;PERPIGNAN;2.90535;42.70929;;Validée;77145
18/10/2026;18/10/2026;NATURE MONTGISCARD;MONTGISCARD;1131090;ARCHERS DE MONTGISCARD;CR11;310;Tir Nature;individuel;2027;archers.montgiscard31@gmail.com;http://club.sportsregions.fr/archersmontgiscard;Archers de Montgiscard;Route Belbèze;31450;MONTGISCARD;1.56276;43.44888;;Validée;77182
18/10/2026;18/10/2026;"CONCOURS 18M ARC&apos;MAGNAC À BOURROUILLAN";BOURROUILLAN;1132227;ARC'MAGNAC;CR11;320;Tir à 18m;individuel;2027;arcmagnac@gmail.com;https://arc-magnac.clubeo.com/;Salle des Sports;Route du Catalan;32370;BOURROUILLAN;-0.01216;43.81988;;Validée;77933
18/10/2026;18/10/2026;SELECTIF SALLE TIR A 18 METRES;PERPIGNAN;1166191;LES ARCHERS CATALANS - PERPIGNAN;CR11;660;Para-tir à l'arc à 18m;individuel;2027;;;;;;;;;;Validée;78138
18/10/2026;18/10/2026;CONCOURS AUTOMNE 2026;ROCHEFORT DU GARD;1130068;LA FLECHE ROCHEFORTAISE;CR11;300;Tir Nature;individuel;2027;laflecherochefortaise@outlook.com;"D&apos;ORANGE";LA FLECHE ROCHEFORTAISE;"Route D&apos;ORANGE";30650;ROCHEFORT DU GARD;4.69944;43.98058;;Validée;78282
18/10/2026;18/10/2026;CAMPAGNE TARBES;SARROUILLES;1165172;ARCHERS DE BIGORRE;CR11;650;Tir en Campagne;individuel;2027;archersbigorre@gmail.com;http://archers-de-bigorre.sportsregions.fr/;parcours;Rue mariehaille;65600;SARROUILLES;0.14189;43.22552;;Validée;78351
18/10/2026;18/10/2026;TIR EN SALLE;LAVAUR;1181197;ARC CLUB DE LAVAUR;CR11;810;Tir à 18m;individuel;2027;arcclublavaur@gmail.com;https://sites.google.com/site/arcclublavaur;Ancienne halle aux sports;Route de Caraman;81500;LAVAUR;1.81834;43.68941;;Validée;78895
18/10/2026;18/10/2026;TIR NATURE;GÉMENOS;1313066;LES ARCHERS DE GEMENOS;CR13;130;Tir Nature;individuel;2027;japont@wanadoo.fr;http://www.archers-gemenos.com;Terrain des Archers de Gémenos;2903 Route Saint-Jean-de-Garguier;13420;GEMENOS;5.61224;43.31904;;Validée;79357
18/10/2026;18/10/2026;MELI MELO 3;"L&apos;ESCALE";1304013;LES ARCHERS DU SOLEIL;CR13;040;Loisirs Débutant et confirmé;individuel;2027;archersdusoleil@gmail.com;http://archers-du-soleil.club.sportsregions.fr/;PARCOURS DE COULAYES;Montée Des Oliviers;04160;CHATEAU ARNOUX ST AUBAN;6.03729;44.08086;;Validée;79795
18/11/2026;18/11/2026;COMPÉTITION TIR A 18M + CRJ;RIOM;0163157;LES ARCHERS RIOMOIS;CR01;630;Tir à 18m;individuel;2027;archersriomois@gmail.com;http://www.archersriomois.com;CRTA;"Place de l&apos;Europe";63200;RIOM;3.10792;45.90281;;Validée;77814
18/11/2026;18/11/2026;TIR A 18 METRES;LAILLÉ;0335084;LES ARCHERS DE LAILLE;CR03;350;Tir à 18m;individuel;2027;bdemelin@free.fr;http://www.lesarchersdelaille.com/;Salle des Boulais;Impasse du Pigeon Blanc;35890;LAILLE;-1.73173;47.97945;;Validée;77511
18/11/2026;18/11/2026;TIR A 18 METRES;LAILLÉ;0335084;LES ARCHERS DE LAILLE;CR03;350;Para-tir à l'arc à 18m;individuel;2027;;;;;;;;;;Validée;77512
18/11/2026;18/11/2026;CONCOURS SALLE 1 DÉPART 11 CIBLES A/B;NOYAL SUR VILAINE;0335065;LES ARCHERS DE ST LOUP;CR03;350;Tir à 18m;individuel;2027;delourmelemmanuel@hotmail.com;http://www.archers-de-st-loup.fr/;Salle des Archers;Rue du petit bois;35530;NOYAL SUR VILAINE;;;;Validée;78006
18/11/2026;18/11/2026;TIR SALLE MERCREDI NOVEMBRE;SAINT CYR SUR LOIRE;0437075;REVEIL SPORTIF ST CYR TIR A L'ARC;CR04;370;Tir à 18m;individuel;2027;stcyr.tiralarc@gmail.com;https://rssc-tiralarc.fr;Gymnase Jean Moulin République;32 Rue de la république;37540;ST CYR SUR LOIRE;0.67079;47.40381;;Validée;77714
18/11/2026;18/11/2026;TIR SALLE MERCREDI NOVEMBRE;SAINT CYR SUR LOIRE;0437075;REVEIL SPORTIF ST CYR TIR A L'ARC;CR04;370;Para-tir à l'arc à 18m;individuel;2027;;;;;;;;;;Validée;77715
18/11/2026;18/11/2026;QUALIFICATIFSIMPLE;SAINT PIERRE DU MONT;1040133;SPORTING CLUB SAINT PIERRE DU MONT;CR10;400;Para-tir à l'arc à 18m;individuel;2027;michel.dubroca1@free.fr;14 IMPASSE DES GRIVES;OMS;Rue de la provence;40280;ST PIERRE DU MONT;-0.5124;43.8768;;Validée;77845
19/09/2026;20/09/2026;CHALLENGE 63D;CHATEL-GUYON;0163161;LES ARCHERS DE CHATEL GUYON;CR01;630;Loisirs Débutant et confirmé;individuel;2026;allyriane.devaux@hotmail.fr;http://www.archers-chatelguyon.fr;CENTRE EQUESTRE EQUIT&SENS;Hameau LIEU-DIT LA RONZIERE;63460;ARTONNE;3.125;46.01705;https://extranet.ffta.fr/medias/documents_epreuves/110069c50cacb8.pdf;Validée;76289
19/09/2026;20/09/2026;TIR NATURE;FOUCHERANS (BOIS DES BRULEUX);0239046;ARC JURA TAVAUX;CR02;390;Tir Nature;individuel;2026;arcjuratavaux39@gmail.com;https://sites.google.com/view/arcjuratavaux/accueil;AJT;Sentier bois des bruleux;39100;AUTHUME;5.45225;47.19513;;Validée;76423
19/09/2026;20/09/2026;CHAMPIONNAT DE FRANCE DOUBLE MIXTE ADULTES;AMILLY;0445137;CIE AMILLY;CR04;450;Tir 3D;uniquement équipe;2026;tiralarc.amilly@gmail.com;https://cdf-3d-amilly2026.fr/;;;;;;;;Validée;74795
19/09/2026;20/09/2026;CHAMPIONNAT DE FRANCE PAR EQUIPE DE CLUBS;AMILLY;0445137;CIE AMILLY;CR04;450;Tir 3D;uniquement équipe;2026;tiralarc.amilly@gmail.com;https://cdf-3d-amilly2026.fr/;;;;;;;;Validée;74794
19/09/2026;20/09/2026;CHALLENGE DHOTEL  JEAN CLAUDE;NEUILLY SAINT FRONT;0702041;CIE D'ARC DE NEUILLY ST FRONT;CR07;020;Loisirs Débutant et confirmé;individuel;2026;philippe.robert98@aliceadsl.fr;https://philipperobert98.wixsite.com/compagniedarcneuilly;Bois des scoots;Chemin De Neuilly saint front;02470;NEUILLY ST FRONT;3.27072;49.16234;;Validée;75248
19/09/2026;20/09/2026;TIR 3D;ISBERGUES;0762291;LA FLECHE AIROISE;CR07;620;Tir 3D;individuel;2027;thomas.iket62@gmail.com;https://www.laflecheairoise.fr;CIRCUIT MARCEL MULLET;670 Rue DU CHATEAU;62330;ISBERGUES;2.44786;50.63188;;Reportée;79283
19/09/2026;20/09/2026;TIR 3D;LA GARNACHE;1285113;LES GARNA'ARCHERS;CR12;850;Tir 3D;individuel;2026;garna.archers.85@gmail.com;https://garna-archers.fr;"Zone de loisirs de l&apos;équaizière";Rue Jan et Joël Martel;85710;LA GARNACHE;-1.88661;46.93641;https://extranet.ffta.fr/medias/documents_epreuves/1105a3c640b89.pdf;Validée;75006
20/09/2026;20/09/2026;TIR NATURE DE VAGNEY;VAGNEY;0688201;1E CIE DES HTES VOSGES;CR06;880;Tir Nature;individuel;2026;tiralarcvagney@laposte.net;;Chez Michel HOUOT;3-bis Route de la charme;88120;CLEURIE;6.65699;48.04944;https://extranet.ffta.fr/medias/documents_epreuves/110b3043365501.pdf;Validée;76444
20/09/2026;20/09/2026;"FIELD D&apos;AUTOMNE";MEAUX;0877032;ARC CLUB DE MEAUX;CR08;770;Tir en Campagne;individuel;2026;arc.club.de.meaux@gmail.com;http://arcclubdemeaux.com;Stade Alberto CORRAZA;73 Avenue Henri DUNANT;77100;MAREUIL LES MEAUX;2.90312;48.94376;https://extranet.ffta.fr/medias/documents_epreuves/11051404780136.pdf;Validée;75834
20/09/2026;20/09/2026;"PRIX D&apos;AUTOMNE DES ARCHERS CARABINIERS";77290 MITRY MORY;0877069;1ERE CIE D ARC DE MITRY MORY;CR08;770;Loisirs Débutant et confirmé;individuel;2027;jgarc.mitry@gmail.com;https://mitry-mory-archers.com/cgi-bin/;TERRAIN DE SPORT GUY MOQUET;Avenue DU 8  MAI 1945;77290;MITRY MORY;2.6345;48.97557;https://extranet.ffta.fr/medias/documents_epreuves/110038e44001f3.pdf;Validée;79031
20/09/2026;20/09/2026;CHALLENGE ARBITRE;LES PIEUX;0950071;ASSOCIATION DES ARCHERS PIEUSAIS;CR09;500;Loisirs Débutant et confirmé;individuel;2027;archerspieusais@hotmail.com;http://www.archerspieusais.clubeo.com;SALLE POLYVALENTE;Route DE BARNEVILLE;50340;LES PIEUX;-1.80598;49.51125;;Validée;77710
20/09/2026;20/09/2026;HOMMAGE A GHISLAINE;LAC DE MARCACHAUD;1047157;LES ARCHERS DE L'OUSTAU;CR10;470;Tir Nature;individuel;2026;simon.ducos@gmail.com;;lac Marcachaud;Impasse Marcachaud;47180;STE BAZEILLE;;;;Validée;76077
20/09/2026;20/09/2026;HOMMAGE A GHISLAINE;LAC DE MARCACHAUD;1047157;LES ARCHERS DE L'OUSTAU;CR10;470;Tir Nature;par équipe;2026;simon.ducos@gmail.com;;lac Marcachaud;Impasse Marcachaud;47180;STE BAZEILLE;;;;Validée;76078
20/09/2026;20/09/2026;3D DE RENTREE;POMPIGNAN;1182214;LES ARCHERS DE LABREILLE;CR11;820;Tir 3D;individuel;2026;patriceayral@orange.fr;http://archersdelabreille.sportsregions.fr/;Parcours;Chemin des Palombes;82170;POMPIGNAN;;;;Reportée;75021
20/09/2026;20/09/2026;CONCOURS NATURE;LANGLADE;1130040;ARC CLUB DE LANGLADE;CR11;300;Tir Nature;individuel;2026;arc.club.langlade30@gmail.com;http://www.arc-club-langlade.fr;de Vignecroze;470  Chemin de Vignecroze;30980;LANGLADE;4.25592;43.8028;https://extranet.ffta.fr/medias/documents_epreuves/110b95c453e6ba.pdf;Validée;75583
20/09/2026;20/09/2026;CAMPAGNE CAHORS LE MONTAT;LE MONTAT;1146149;1ERE COMPAGNIE D'ARC;CR11;460;Tir en Campagne;individuel;2026;didier.legoff@gmail.com;http://club.sportsregions.fr/arc_cahors;Lycée Agricole;Voie 422 lacoste;46090;LE MONTAT;1.43836;44.37519;https://extranet.ffta.fr/medias/documents_epreuves/110b5ea5ebe7c7.pdf;Validée;76149
20/09/2026;20/09/2026;CONCOURS TAE DE SEPTEMBRE;FONTENAY LE COMTE;1285122;TIR ARC FONTENAISIEN;CR12;850;Tir à l'Arc Extérieur;individuel;2026;archers.fontenay@gmail.com;https://tiralarcfontenaisien.wordpress.com/;Stade municipal;Avenue Marceau;85200;FONTENAY LE COMTE;-0.79931;46.4603;https://extranet.ffta.fr/medias/documents_epreuves/11014c727035fe.pdf;Validée;75712
20/09/2026;20/09/2026;TAE DE RENTREE;MARSEILLE;1313051;MASSILIA ARC CLUB;CR13;130;Tir à l'Arc Extérieur;individuel;2026;pellen.jean-claude@wanadoo.fr;https://www.massiliaarcclub.com/;Terrain de Saint-Menet;30 Avenue de la gare;13011;MARSEILLE 11;5.4993;43.28611;;Validée;75332
20/09/2026;20/09/2026;TAE DE RENTREE;MARSEILLE;1313051;MASSILIA ARC CLUB;CR13;130;Para-tir à l'arc en extérieur;individuel;2026;pellen.jean-claude@wanadoo.fr;https://www.massiliaarcclub.com/;Terrain de Saint-Menet;30 Avenue de la gare;13011;MARSEILLE 11;5.4993;43.28611;;Validée;75333
20/09/2026;20/09/2026;NATURE CARCES;CARCÈS;1383110;COMPAGNIE CARCOISE TIR A L'ARC;CR13;830;Tir Nature;individuel;2027;mickaelbernier95@gmail.com;"697 Vieux Chemin d&apos;Entrecasteaux";CCTA;Chemin DES OLIVERONS;83570;CARCES;6.16515;43.48926;https://extranet.ffta.fr/medias/documents_epreuves/110cd9251c4eb5.pdf;Validée;78951
20/11/2026;22/11/2026;IWS - GT OPEN;STRASSEN - LUXEMBOURG;0;Fédération Française de Tir à l'Arc;;;Tir à 18m;individuel;2027;ffta@ffta.fr;https://www.ffta.fr;;;;;;;;Validée;79820
20/11/2026;22/11/2026;TIR EN SALLE 2 X 18 M + CRJ;LOZANNE;0169215;CIE DES ARCHERS LOZANNAIS;CR01;690;Tir à 18m;individuel;2027;archerslozannais@gmail.com;http://lesarcherslozannais.free.fr;"L&apos;ESCALE";90 Chemin DE LA RIVIERE;69380;LOZANNE;4.68093;45.85564;;Validée;77253
20/11/2026;20/11/2026;TIR A 18 M;RENNES;0335067;COMPAGNIE D'ARCHERS DE RENNES;CR03;350;Tir à 18m;individuel;2027;contact@archersderennes.com;http://www.archersderennes.com;"Salle de tir à l&apos;arc";8 Avenue des Gayeulles;35700;RENNES;-1.65059;48.13323;;Validée;78777
20/11/2026;20/11/2026;TIR A 18 M;RENNES;0335067;COMPAGNIE D'ARCHERS DE RENNES;CR03;350;Para-tir à l'arc à 18m;individuel;2027;;;;;;;;;;Validée;78779
20/11/2026;22/11/2026;SALLE 2027;SALLE POLYVALENTE DE BANVOU;0961081;A S BANVOU;CR09;610;Tir à 18m;individuel;2027;asbanvou@gmail.com;http://asbanvou.jimdo.com;Salle Polyvalente de BANVOU;Route de Dompierre;61450;BANVOU;;;;Validée;78623
20/11/2026;20/11/2026;"CONCOUR DE L&apos;ASAM";CHERBOURG EN COTENTIN;0950057;A.S.A.M. TIR A L'ARC CHERBOURG-OCTEVILLE;CR09;500;Tir à 18m;individuel;2027;asamtiralarc@free.fr;;"Salle de l&apos; ASAM";Rue des trois hangars;50100;CHERBOURG OCTEVILLE;;;;Validée;78915
21/11/2026;22/11/2026;2 X 18 + CRJ;SEYNOD;0174246;CIE DE TIR A L'ARC LES SAGITTAIRES;CR01;740;Tir à 18m;individuel;2027;lessagittairesdeseynod@gmail.com;https://arc-agglo-annecy.fr;Gymnase du Semnoz;Rue du muraillon;74600;SEYNOD;6.09535;45.8873;;Validée;77979
21/11/2026;22/11/2026;TIR À 18M CHALLENGE CHRISTIAN DUBREUIL + CRJ;YZEURE;0103025;CIE D'ARC D'YZEURE;CR01;030;Tir à 18m;individuel;2027;arcyzeure03@gmail.com;http://arcyzeuremoulins.sportsregions.fr/;Gymnase de Bellevue;Rue Jean Vidal;03400;YZEURE;3.34865;46.55967;;Validée;78758
21/11/2026;22/11/2026;TIR À 18M CHALLENGE CHRISTIAN DUBREUIL + CRJ;YZEURE;0103025;CIE D'ARC D'YZEURE;CR01;030;Para-tir à l'arc à 18m;individuel;2027;;;;;;;;;;Validée;78759
21/11/2026;21/11/2026;PRIVAS CONCOURS JEUNES / ADULTES DEBUTANTS;PRIVAS;0107050;LES ARCHERS DE PRIVAS;CR01;070;Loisirs Confirmé;individuel;2027;archers.privas@gmail.com;https://archersdeprivas.sportsregions.fr;Salle Gaby RAMPON;260 Avenue René PRIVAT;07000;PRIVAS;4.60914;44.7207;;Validée;79064
21/11/2026;22/11/2026;SALLE 2 * 18 M;BARBERAZ;0173225;LES ARCHERS DE BARBERAZ;CR01;730;Tir à 18m;individuel;2027;les.archers.de.barberaz@gmail.com;https://www.lesarchersdebarberaz.com/;salle polyvalente;1 Avenue du stade;73000;BARBERAZ;5.94351;45.56368;;Validée;77436
21/11/2026;21/11/2026;SPÉCIAL DÉBUTANT;BARBERAZ;0173225;LES ARCHERS DE BARBERAZ;CR01;730;Loisirs Débutant;individuel;2027;les.archers.de.barberaz@gmail.com;https://www.lesarchersdebarberaz.com/;salle polyvalente;1 Avenue du stade;73000;BARBERAZ;5.94351;45.56368;;Validée;77437
21/11/2026;22/11/2026;2 X 18 M EN SALLE + CRJ;CHAMALIERES;0163154;ARC CLUB CHAMALIERES;CR01;630;Tir à 18m;individuel;2027;yannberger.acc@gmail.com;http://arcclubchamalieres.com;Complexe sportif A.BRESSON;2 Allée Du Gymnase;63400;CHAMALIERES;3.05002;45.77704;;Validée;77641
21/11/2026;22/11/2026;CONCOURS SALLE PHOENIX;VILLEFONTAINE;0138109;1ERE CIE D'ARC DE VILLEFONTAINE;CR01;380;Tir à 18m;individuel;2027;arcvillefontaine@gmail.com;http://tirarcvillefontaine.sportsregions.fr/;GYMNASE DIDIER PIRONI;1 Allée des ayes;38090;VILLEFONTAINE;5.17059;45.601;;Validée;79720
21/11/2026;22/11/2026;CONCOURS SALLE PHOENIX;VILLEFONTAINE;0138109;1ERE CIE D'ARC DE VILLEFONTAINE;CR01;380;Para-tir à l'arc à 18m;individuel;2027;;;;;;;;;;Validée;79721
21/11/2026;22/11/2026;TIR EN SALLE;DIJON;0221014;1ERE CIE D'ARC DE DIJON;CR02;210;Tir à 18m;individuel;2027;larpenteur.bastien@gmail.com;http://www.dijontiralarc.fr;John Kennedy;John Kennedy Boulevard John Kennedy;21000;DIJON;5.03226;47.30896;;Validée;79372
21/11/2026;22/11/2026;TIR EN SALLE;DIJON;0221014;1ERE CIE D'ARC DE DIJON;CR02;210;Para-tir à l'arc à 18m;individuel;2027;;;;;;;;;;Validée;79373
21/11/2026;21/11/2026;TIR EN SALLE;DIJON;0221014;1ERE CIE D'ARC DE DIJON;CR02;210;Loisirs Débutant;individuel;2027;larpenteur.bastien@gmail.com;http://www.dijontiralarc.fr;gymnase kennedy;John Kennedy Boulevard John Kennedy;21000;DIJON;5.03227;47.30897;;Validée;79374
21/11/2026;21/11/2026;TIR TONNERRE 1;TONNERRE;0289093;A.S.T TIR A L'ARC;CR02;890;Tir à 18m;individuel;2027;s.lebeau89@orange.fr;s.lebeau89@orange.fr;GYMNASE ABEL MINARD;Rue DU PROFESSEUR ABEL MINARD;89700;TONNERRE;3.98847;47.86253;;Validée;78409
21/11/2026;21/11/2026;TIR TONNERRE 1;TONNERRE;0289093;A.S.T TIR A L'ARC;CR02;890;Para-tir à l'arc à 18m;individuel;2027;;;;;;;;;;Validée;78410
21/11/2026;22/11/2026;TIR EN SALLE;BOURBON LANCY;0271077;LES ARCHERS BOURBONNIENS;CR02;710;Tir à 18m;individuel;2027;pab.monique@gmail.com;https://les-archers-bourbonniens.kalisport.com/;Complexe marc goutheraut;Place marc goutheraut;71140;BOURBON LANCY;3.76139;46.62572;;Validée;78630
21/11/2026;21/11/2026;TIR A 18 M;RENNES;CR03;COMITE REGIONAL DE BRETAGNE;CR03;;Tir à 18m;individuel;2027;michel.rogue@orange.fr;http://www.tiralarcbretagne.fr/;"SALLE DE TIR A L&apos;ARC";8 Avenue des Gayeulles;35700;RENNES;-1.65059;48.13324;;Validée;78778
21/11/2026;21/11/2026;TIR A  18 M;RENNES;0335067;COMPAGNIE D'ARCHERS DE RENNES;CR03;350;Tir à 18m;individuel;2026;contact@archersderennes.com;http://www.archersderennes.com;"SALLE DE TIR A L&apos;ARC";8 Avenue des Gayeulles;35700;RENNES;-1.6506;48.13322;;Validée;79803
21/11/2026;21/11/2026;TIR A  18 M;RENNES;0335067;COMPAGNIE D'ARCHERS DE RENNES;CR03;350;Para-tir à l'arc à 18m;individuel;2026;;;;;;;;;;Validée;79805
21/11/2026;22/11/2026;TIR EN SALLE;OUZOUER-SUR-LOIRE;0445123;CIE D'ARC D'OUZOUER SUR LOIRE;CR04;450;Tir à 18m;individuel;2027;koubyann@gmail.com;http://compagnie-arc-ouzouer-sur-loire.e-monsite.com;gymnase;Rue Fouchard;45570;OUZOUER SUR LOIRE;2.48407;47.76764;;Validée;78045
21/11/2026;22/11/2026;CONCOURS SALLE;VENDOME;0441106;ARCHER CLUB VENDOMOIS;CR04;410;Tir à 18m;individuel;2027;archerclubvendomois@orange.fr;;GYMNASE CLEMENCEAU;Avenue CLEMENCEAU;41100;VENDOME;1.06577;47.80735;;Validée;78063
21/11/2026;22/11/2026;TIR A  18 M;ISSOUDUN;0436062;LES ARCHERS DU BEFFROY;CR04;360;Para-tir à l'arc à 18m;individuel;2027;karine.desbordes@orange.fr;archersdubeffroy@gmail.com;dojo /gymnase diderot;16 Avenue avenue des bernardines;36100;ISSOUDUN;2.004;46.94359;;Épreuve Annulée avant publication;78075
21/11/2026;21/11/2026;TIR A 18M;ISSOUDUN;0436062;LES ARCHERS DU BEFFROY;CR04;360;Loisirs Débutant;individuel;2027;karine.desbordes@orange.fr;archersdubeffroy@gmail.com;dojo /gymnase diderot;16 Avenue des bernardines;36100;ISSOUDUN;2.004;46.94359;;Validée;78077
21/11/2026;22/11/2026;TIR A 18 M;ISSOUDUN;0436062;LES ARCHERS DU BEFFROY;CR04;360;Tir à 18m;individuel;2027;karine.desbordes@orange.fr;archersdubeffroy@gmail.com;dojo/gymnase DIDEROT;16 Avenue DES BERNARDINES;36100;ISSOUDUN;2.004;46.94359;;Validée;78078
21/11/2026;22/11/2026;TIR A 18 M;ISSOUDUN;0436062;LES ARCHERS DU BEFFROY;CR04;360;Para-tir à l'arc à 18m;individuel;2027;;;;;;;;;;Validée;78079
21/11/2026;22/11/2026;TIR 18 MÈTRES;AVORD;0418007;AVORD TIR A L'ARC;CR04;180;Tir à 18m;individuel;2027;alainjoyeux1962@gmail.com;http://avordtiralarc.jimdo.com/;salle polyvalente;"Rue de l&apos;Yèvre";18520;AVORD;2.64798;47.03962;;Validée;78080
21/11/2026;21/11/2026;DÉBUTANTS JEUNES ET ADULTES;AVORD;0418007;AVORD TIR A L'ARC;CR04;180;Loisirs Débutant;individuel;2027;alainjoyeux1962@gmail.com;http://avordtiralarc.jimdo.com/;salle polyvalente;"Rue de l&apos;Yèvre";18520;AVORD;2.64798;47.03962;;Validée;78081
21/11/2026;22/11/2026;CONCOURS EN SALLE 2X18 M;MONTBAZON;0437089;LES ARCHERS DE MONTBAZON;CR04;370;Tir à 18m;individuel;2027;lili.olivier61@gmail.com;;Gymnase de la Bafauderie;Rue de la Bafauderie;37250;MONTBAZON;0.70604;47.2838;;Validée;78098
21/11/2026;22/11/2026;CONCOURS EN SALLE 2X18 M;MONTBAZON;0437089;LES ARCHERS DE MONTBAZON;CR04;370;Para-tir à l'arc à 18m;individuel;2027;;;;;;;;;;Validée;78099
21/11/2026;21/11/2026;CONCOURS SPÉCIAL JEUNES  ET ADULTES DÉBUTANTS;MONTBAZON;0437089;LES ARCHERS DE MONTBAZON;CR04;370;Loisirs Débutant;individuel;2027;lili.olivier61@gmail.com;;Gymnase de la Bafauderie;Rue de la Bafauderie;37250;MONTBAZON;0.70668;47.284;;Validée;78100
21/11/2026;21/11/2026;TIR NATURE;MONTIGNY LE GANNELON;0428042;ARC CLUB DUNOIS;CR04;280;Tir Nature;individuel;2027;arc.club.dunois@gmail.com;Marquis de Lewis;chateau de Montigny;1 Avenue Marquis de Lewis;28220;MONTIGNY LE GANNELON;1.23124;48.01415;;Validée;78533
21/11/2026;22/11/2026;CONCOURS SALLE;LEVES;0428039;COEUR DE CIBLE LÉVOIS;CR04;280;Tir à 18m;individuel;2027;acve28@orange.fr;;Complexe Michel Castaing;12  Rue de Josaphat;28300;LEVES;1.48684;48.47269;;Validée;77171
21/11/2026;22/11/2026;2X18M DE REIMS;REIMS;0651031;CIE D'ARC DE REIMS;CR06;510;Tir à 18m;individuel;2027;compagniedarcreims@gmail.com;http://www.compagnie-arc-reims.com/index.html;Gymnase Prieur de la marne;Rue Prieur de la Marne;51100;REIMS;4.04778;49.26268;;Validée;77189
21/11/2026;22/11/2026;2X18M DE REIMS;REIMS;0651031;CIE D'ARC DE REIMS;CR06;510;Para-tir à l'arc à 18m;individuel;2027;;;;;;;;;;Validée;77190
21/11/2026;22/11/2026;SALLE 2027;DOMBASLE SUR MEURTHE;0654081;CIE TIR A L'ARC DE DOMBASLE;CR06;540;Tir à 18m;individuel;2027;arc.dombasle@gmail.com;http://www.arc-dombasle.com/;COSEC LEVASSOR;Route DE BLAINVILLE;54110;DOMBASLE SUR MEURTHE;6.35774;48.60555;;Validée;77646
21/11/2026;21/11/2026;LES TROIS SPOTS;"CENTRE SPORTIF RÉGIONAL D&apos;ALSACE - MULHOUSE";0668187;MULHOUSE C.A.B.;CR06;680;Tir à 18m;individuel;2027;xavier.jcb68@gmail.com;http://www.cabmulhouse.com;"Centre Sportif Régional d&apos;Alsace";Rue des Frères Lumières;68100;MULHOUSE;7.3159;47.73139;;Validée;78905
21/11/2026;21/11/2026;AMICAL JEUNES;BAR LE DUC;0655093;LES FLECHES BARISIENNES;CR06;550;Loisirs Débutant;individuel;2027;flechesbarisiennes@free.fr;;Gymnase Bradfer;1 Impasse des Brasseries;55000;BAR LE DUC;5.16919;48.76955;;Validée;78993
21/11/2026;22/11/2026;CONCOURS SALLE SARREGUEMINES;SARREGUEMINES;0657140;1ERE CIE DE TIR A L'ARC;CR06;570;Tir à 18m;individuel;2027;maleriat.florence@gmail.com;;Gymnase du himmelsberg;3 Impasse du himmelsberg;57200;SARREGUEMINES;7.05159;49.10956;;Validée;79098
21/11/2026;22/11/2026;CONCOURS SALLE ROYE 2*18M;ROYE;0780323;CIE D ARC DE ROYE;CR07;800;Tir à 18m;individuel;2027;compagniearcroye@gmail.com;http://www.arc-roye.com/;Gymnase Helene Boucher;Route de Goyencourt;80700;ROYE;2.77755;49.70508;;Validée;78137
21/11/2026;22/11/2026;TIR A 18M;GYMNASE MARCEL VILLIOT, 10, RUE DE LIZY, 60440 NANTEUIL LE HAUDOUIN;0760224;1ERE CIE D ARC DE NANTEUIL;CR07;600;Tir à 18m;individuel;2027;nanteuilarc@gmail.com;https://www.nanteuilarc.com/;GYMNASE MARCEL VILLIOT;10 Rue de lizy;60440;NANTEUIL LE HAUDOUIN;2.80922;49.13764;;Validée;78157
21/11/2026;22/11/2026;TIR A 18M;GYMNASE MARCEL VILLIOT, 10, RUE DE LIZY, 60440 NANTEUIL LE HAUDOUIN;0760224;1ERE CIE D ARC DE NANTEUIL;CR07;600;Para-tir à l'arc à 18m;individuel;2027;;;;;;;;;;Validée;78158
21/11/2026;22/11/2026;TIR EN SALLE;NOYON;0760170;LES ARCHERS DE NOYON;CR07;600;Tir à 18m;individuel;2027;cie-arc-noyon@orange.fr;http://www.arc-noyon.com;Gymnase du May;Ruelle du May;60400;NOYON;2.99633;49.58498;;Validée;78848
21/11/2026;22/11/2026;TIR 18M;VILLENEUVE ST GERMAIN;0702020;CIE D'ARC DE PARCY ET TIGNY;CR07;020;Tir à 18m;individuel;2027;cie-arcparcytigny@orange.fr;;gymnase Louise Michel;133 Rue Wilfrid Lanoiselle;02200;VILLENEUVE ST GERMAIN;3.36227;49.37757;;Validée;79207
21/11/2026;21/11/2026;CONCOURS JEUNE;ETAPLES SUR MER;0762269;LA FLECHE ETAPLOISE;CR07;620;Tir à 18m;individuel;2027;aselaflecheetaploise@gmail.com;;complexe jean bigot;6 Rue des oyats;62630;ETAPLES;1.64682;50.52258;;Validée;79218
21/11/2026;22/11/2026;"CONCOURS COMPAGNIE D&apos;ARC DE LILLE";LILLE;0759103;CIE D'ARC DE LILLE;CR07;590;Tir à 18m;individuel;2027;jacques.aristidou@free.fr;https://www.archers-de-lille.fr/;complrxe sportif Youri Gagarine;127 Rue Des Bois Blancs;59000;LILLE;3.02878;50.63039;;Validée;77528
21/11/2026;22/11/2026;TIR 2X18M;LE PLESSIS ROBINSON;0892205;LES ARCHERS DU PLESSIS ROBINSON;CR08;920;Tir à 18m;individuel;2027;langeleflore@gmail.com;https://www.lesarchersduplessisrobinson.com/;Complexe sportif Louis Hachette;Avenue Paul Langevin;92350;LE PLESSIS ROBINSON;2.25128;48.77889;;Validée;77176
21/11/2026;22/11/2026;COMPÉTITION SALLE TREMBLAY;TREMBLAY EN FRANCE;0893221;ARCHERS DU VERT GALANT;CR08;930;Tir à 18m;individuel;2027;lesarchersduvertgalant@gmail.com;http://archersduvertgalant-tremblay.com;PALAIS DES SPORTS;18 Rue Jules Ferry;93290;TREMBLAY EN FRANCE;2.57012;48.95725;;Validée;77750
21/11/2026;22/11/2026;"2X18M D&apos;AUTOMNE";CRETEIL;0894256;U.S.CRETEIL TIR A L'ARC;CR08;940;Tir à 18m;individuel;2027;eric.formaux@gmail.com;http://www.uscreteilarc.fr;gymnase du jeu de Paume;Rue du jeu de Paume;94000;CRETEIL;2.46083;48.77617;;Validée;77798
21/11/2026;22/11/2026;"2X18M D&apos;AUTOMNE";CRETEIL;0894256;U.S.CRETEIL TIR A L'ARC;CR08;940;Para-tir à l'arc à 18m;individuel;2027;;;;;;;;;;Validée;77799
21/11/2026;22/11/2026;CONCOURS SALLE MORANGIS;MORANGIS;0891148;MORANGIS - CHILLY (CIE D'ARC DE );CR08;910;Tir à 18m;individuel;2027;alechre_letireur@hotmail.fr;http://club.quomodo.com/morangis-tiralarc/accueil.html;gymnase claude bigot;19 Rue colette besson;91420;MORANGIS;2.34001;48.70612;;Validée;79317
21/11/2026;22/11/2026;CONCOURS SALLE MORANGIS;MORANGIS;0891148;MORANGIS - CHILLY (CIE D'ARC DE );CR08;910;Para-tir à l'arc à 18m;individuel;2027;;;;;;;;;;Validée;79318
21/11/2026;21/11/2026;TIR AU SAUCISSON;VILLECRESNES;0894253;COMPAGNIE VILLECRESNOISE DE TIR A L'ARC;CR08;940;Loisirs Débutant et confirmé;individuel;2027;cvtavillecresnes@gmail.com;http://tiralarc-cvta-villecresnes.org;CVTA;Chemin De Vaux;94440;VILLECRESNES;;;;Validée;79604
21/11/2026;21/11/2026;CHALLENGE DES PTITSS BOUTS;LE PLESSIS BOUCHARD;0895286;LES ARCHERS DU PLESSIS BOUCHARD;CR08;950;Loisirs Débutant et confirmé;individuel;2027;archers.pb@gmail.com;https://www.lesarchersduplessisbouchard.fr/;GYMNASE GUILLAUMIE;3 Rue GUILLAUMIE;95130;LE PLESSIS BOUCHARD;2.24498;48.99756;;Validée;79637
21/11/2026;22/11/2026;DDJ2;OSNY - 95520;0895273;LES ARCHERS DE GROUCHY;CR08;950;Tir à 18m;individuel;2027;michel.siepi@wanadoo.fr;http://archers.grouchy.free.fr;Gymnase Roger Moritz;3 Rue Paul Emile Victor;95520;OSNY;2.07498;49.07402;;Validée;79077
21/11/2026;22/11/2026;DD1 - DDJ1;OSNY - 95520;0895273;LES ARCHERS DE GROUCHY;CR08;950;Tir à 18m;par équipe;2027;;;;;;;;;;Validée;79078
21/11/2026;22/11/2026;DD1 - DDJ1;OSNY - 95520;0895273;LES ARCHERS DE GROUCHY;CR08;950;Tir à 18m;par équipe;2027;;;;;;;;;;Validée;79079
21/11/2026;22/11/2026;TIR À 18M FONTENAY LE FLEURY;FONTENAY-LE-FLEURY;0878122;LES COMPAGNONS DE L'ARC;CR08;780;Tir à 18m;individuel;2027;asff.tiralarc@gmail.com;https://sites.google.com/view/les-compagnons-de-larc;Gymnase du Levant;Rue Olivier Messiaen;78330;FONTENAY-LE-FLEURY;2.05245;48.80851;;Validée;79130
21/11/2026;22/11/2026;CONCOURS 2X18M OUISTREHAM;OUISTREHAM;0914025;LES ARCHERS DE OUISTREHAM;CR09;140;Tir à 18m;individuel;2027;chris.bisson@wanadoo.fr;http://www.archers-ouistreham.fr/;Gymnase Kieffer;85 Avenue du général Leclerc;14150;OUISTREHAM;-0.25276;49.28136;;Validée;78504
21/11/2026;22/11/2026;SALLE FECAMP;FÉCAMP;0976090;ARC CLUB DE FECAMP;CR09;760;Tir à 18m;individuel;2027;arcclubdefecamp@gmail.com;;salle Tony Parker;Rue traversière;76400;FECAMP;0.36718;49.74289;;Validée;77351
21/11/2026;22/11/2026;SALLE FECAMP;FÉCAMP;0976090;ARC CLUB DE FECAMP;CR09;760;Para-tir à l'arc à 18m;individuel;2027;;;;;;;;;;Validée;77352
21/11/2026;22/11/2026;TIR EN SALLE 2 X 18M;VERNON;0927046;COMPAGNIE D'ARC DE VERNON;CR09;270;Tir à 18m;individuel;2027;patriciabureau27@gmail.com;http://tiralarcvernon27.fr;gymnase ARIANE;"Rue de l&apos;industrie";27200;VERNON;1.47026;49.09645;;Validée;77532
21/11/2026;22/11/2026;TIR EN SALLE 2 X 18M;VERNON;0927046;COMPAGNIE D'ARC DE VERNON;CR09;270;Para-tir à l'arc à 18m;individuel;2027;;;;;;;;;;Validée;77533
21/11/2026;22/11/2026;CONCOURS SALLE;GRANVILLE;0950059;LES ARCHERS DONVILLAIS;CR09;500;Tir à 18m;individuel;2027;gerardvanderperre0347@gmail.com;http://lesarchersdonvillais.clubeo.com;CITÉ MULTI SPORTS;Rue DES LYCÉES;50400;GRANVILLE;-1.5781;48.83079;;Validée;77614
21/11/2026;22/11/2026;CONCOURS SALLE;GRANVILLE;0950059;LES ARCHERS DONVILLAIS;CR09;500;Para-tir à l'arc à 18m;individuel;2027;;;;;;;;;;Validée;77615
21/11/2026;22/11/2026;CONCOURS 18M NOVEMBRE 2026;MORNAC;1016003;LES ARCHERS DE LA TOUVRE;CR10;160;Tir à 18m;individuel;2027;contact@arc-ruelle.com;http://www.arc-ruelle.com;Salle Omnisports;Rue du Champ de Penot;16600;MORNAC;0.27078;45.67756;;Validée;77379
21/11/2026;22/11/2026;CONCOURS TIR A 18 M DAX;DAX;1040124;LA JEANNE D'ARC DE DAX;CR10;400;Tir à 18m;individuel;2027;jadax.ta@orange.fr;https://www.jadax.fr/tir-a-larc/;Stade André Darrigade;"Rue d&apos;Aspremont";40100;DAX;-1.037491514569;43.703077381017;;Validée;77565
21/11/2026;22/11/2026;TIR 18M MÉZIN 2026;MÉZIN;1047146;ARCHERS DE LA TENAREZE;CR10;470;Tir à 18m;individuel;2027;jacques.sottoriva@gmail.com;https://archers-tenareze.org;salle des sports;1 Rue casimir laffitte;47170;MEZIN;;;;Validée;77834
21/11/2026;22/11/2026;TIR EN SALLE;SAINT SULPICE ET CAMEYRAC;1033094;LES ARCHERS DE ST SULPICE ET CAMEYRAC;CR10;330;Tir à 18m;individuel;2027;christian.uteau@wanadoo.fr;;salle des sports;Route de Montussan;33450;ST SULPICE ET CAMEYRAC;-0.40043;44.90539;;Validée;77857
21/11/2026;22/11/2026;TIR 18M;TALLUD;1079177;CIE ARC DE LA TOUR SAINT JACQUES;CR10;790;Tir à 18m;individuel;2027;compagniedarctourstjacques@gmail.com;http://arctourstjacques.kalisport.com/;Salle omnisports;Impasse De la verniere;79200;LE TALLUD;-0.30271;46.62711;;Validée;78299
21/11/2026;22/11/2026;TIR À 18M;SAINTES;1017013;ARCHERS SAINTAIS;CR10;170;Tir à 18m;individuel;2027;archerssaintais17@gmail.com;https://archersaintais.sportsregions.fr;"Gymanse collège Agripa d&apos;Aubigné";6 Rue Des cormiers;17100;SAINTES;-0.61204;45.74871;;Validée;78432
21/11/2026;22/11/2026;TIR EN SALLE;GUERET;1023050;COMPAGNIE DES ARCHERS GUÉRÉTOIS COMPÉTITEURS;CR10;230;Tir à 18m;individuel;2027;contact@cieag.fr;https://www.cieag.fr/fr;Gymnase de Grancher;Rue Julien Nore;23000;GUERET;1.86631;46.16717;;Validée;78607
21/11/2026;22/11/2026;TIR SALLE AIRE COUVERTE;L’UNION;1131072;L'UNION TIR A L'ARC;CR11;310;Tir à 18m;individuel;2027;presidence@luniontiralarc.com;https://www.luniontiralarc.com/;Aire couverte Hand;Rue du puy de sancy;31240;L UNION;1.48771;43.65782;;Validée;78167
21/11/2026;22/11/2026;TIR SALLE AIRE COUVERTE;L’UNION;1131072;L'UNION TIR A L'ARC;CR11;310;Para-tir à l'arc à 18m;individuel;2027;;;;;;;;;;Validée;78168
21/11/2026;22/11/2026;COMPAGNIE ST GEORGES DE LAVAL;LAVAL;1253075;CIE ST GEORGES DE LAVAL;CR12;530;Tir à 18m;individuel;2027;tiralarc.usl@gmail.com;https://tiralarc.uslaval.fr/;CMA le Palindrome;25 Rue Albert Einstein;53000;LAVAL;-0.74042;48.05458;;Validée;78384
21/11/2026;22/11/2026;COMPAGNIE ST GEORGES DE LAVAL;LAVAL;1253075;CIE ST GEORGES DE LAVAL;CR12;530;Para-tir à l'arc à 18m;individuel;2027;;;;;;;;;;Validée;78429
21/11/2026;21/11/2026;CONCOURS SPÉCIAL DÉBUTANTS 2026-2027;FONTENAY LE COMTE;1285122;TIR ARC FONTENAISIEN;CR12;850;Loisirs Débutant;individuel;2027;archers.fontenay@gmail.com;https://tiralarcfontenaisien.wordpress.com/;Salle de la Grande Prairie;Avenue du général De Gaulle;85200;FONTENAY LE COMTE;-0.80831;46.4603;;Validée;78492
21/11/2026;22/11/2026;TIR À 18M;SAUMUR;1249066;JEANNE D'ARC DE SAUMUR TIR A L'ARC;CR12;490;Tir à 18m;individuel;2027;patrickmartin49@orange.fr;http://ja-saumur-tiralarc.com;gymnase du Vigneau;29 Rue des vendanges;49400;SAUMUR;-0.06784;47.24818;;Validée;77418
21/11/2026;22/11/2026;CONCOURS SALLE;ST HERBLAIN;1244002;ARCHERS DE ST HERBLAIN;CR12;440;Tir à 18m;individuel;2027;president.ash@gmail.com;https://archersdesaintherblain.fr;Complexe Sportif du Vigneau;Boulevard Salvador Allend;44800;ST HERBLAIN;-1.62153;47.21739;;Validée;79401
21/11/2026;22/11/2026;CONCOURS SALLE;ST HERBLAIN;1244002;ARCHERS DE ST HERBLAIN;CR12;440;Para-tir à l'arc à 18m;individuel;2027;;;;;;;;;;Validée;79402
21/11/2026;21/11/2026;CONCOURS SALLE;ST HERBLAIN;1244002;ARCHERS DE ST HERBLAIN;CR12;440;Para-tir à l'arc à 18m;individuel;2027;president.ash@gmail.com;https://archersdesaintherblain.fr;Complexe Sportif du Vigneau;Boulevard Salvador Allend;44800;ST HERBLAIN;-1.62156;47.21737;;Validée;79403
21/11/2026;21/11/2026;SPÉCIAL-JEUNES;MARIGNANE;1313074;1ERE CIE D'ARC MARIGNANE;CR13;130;Loisirs Débutant;individuel;2027;1ereciearcmarignane@gmail.com;;Halle des Sports du Carestier;Rue Étienne Lombardo;13700;MARIGNANE;5.21985;43.40483;;Validée;79699
21/11/2026;22/11/2026;SALLE SANARY;SANARY;1383106;ARC CLUB SANARY;CR13;830;Tir à 18m;individuel;2027;erick.dieudonne@gmail.com;;Gymnase Perpès;295 Avenue du stade;83110;SANARY SUR MER;5.79692;43.13071;;Validée;78029
21/11/2026;22/11/2026;SALLE SANARY;SANARY;1383106;ARC CLUB SANARY;CR13;830;Para-tir à l'arc à 18m;individuel;2027;;;;;;;;;;Validée;78030
21/11/2026;22/11/2026;CACM SALLE;MANDELIEU;1306030;CIE D'ARC CANNES-MANDELIEU;CR13;060;Tir à 18m;individuel;2027;mct1985@hotmail.fr;https://www.arccannesmandelieu.com/;SALLE OLYMPIE;Avenue DES ANCIENS COMBATTANTS;06210;LA NAPOULE;6.81248;43.41778;;Validée;78038
21/11/2026;22/11/2026;CACM SALLE;MANDELIEU;1306030;CIE D'ARC CANNES-MANDELIEU;CR13;060;Para-tir à l'arc à 18m;individuel;2027;;;;;;;;;;Validée;78039
21/11/2026;21/11/2026;SPÉCIAL-JEUNES;MARIGNANE;1313074;1ERE CIE D'ARC MARIGNANE;CR13;130;Loisirs Débutant;individuel;2027;1ereciearcmarignane@gmail.com;;Halle des Sports du Carestier;Rue Etienne Lombardo;13700;MARIGNANE;5.21985;43.40483;;Validée;77157
21/11/2026;22/11/2026;SELECTIF 2 X 18M;MARIGNANE;1313074;1ERE CIE D'ARC MARIGNANE;CR13;130;Tir à 18m;individuel;2027;1ereciearcmarignane@gmail.com;;Halle des Sports du Carestier;Rue Étienne Lombardo;13700;MARIGNANE;5.21985;43.40483;;Validée;77769
21/11/2026;22/11/2026;SELECTIF 2 X 18M;MARIGNANE;1313074;1ERE CIE D'ARC MARIGNANE;CR13;130;Para-tir à l'arc à 18m;individuel;2027;;;;;;;;;;Validée;77770
22/11/2026;22/11/2026;2X18M;SAINT-FLOUR;0115052;LES ARCHERS DU PAYS DE SAINT FLOUR;CR01;150;Tir à 18m;individuel;2027;archers2.saintflour@free.fr;;complexe sportif Besserette;Avenue Besserette;15100;ST FLOUR;3.0822;45.03622;;Validée;79706
22/11/2026;22/11/2026;CONCOURS 2X15;SEYNOD;0174246;CIE DE TIR A L'ARC LES SAGITTAIRES;CR01;740;Loisirs Débutant;individuel;2027;lessagittairesdeseynod@gmail.com;https://arc-agglo-annecy.fr;Gymnase du Semnoz;Rue du muraillon;74600;SEYNOD;6.09531;45.88729;;Validée;77978
22/11/2026;22/11/2026;PRIVAS - CONCOURS 18M + CHPT CD07;PRIVAS;0107050;LES ARCHERS DE PRIVAS;CR01;070;Tir à 18m;individuel;2027;archers.privas@gmail.com;https://archersdeprivas.sportsregions.fr;Salle Gaby RAMPON;260 Avenue René PRIVAT;07000;PRIVAS;4.60914;44.7207;;Validée;79062
22/11/2026;22/11/2026;PRIVAS - CONCOURS 18M + CHPT CD07;PRIVAS;0107050;LES ARCHERS DE PRIVAS;CR01;070;Para-tir à l'arc à 18m;individuel;2027;archers.privas@gmail.com;https://archersdeprivas.sportsregions.fr;Salle Gaby RAMPON;260 Avenue René PRIVAT;07000;PRIVAS;4.60914;44.7207;;Validée;79063
22/11/2026;22/11/2026;CONCOURS SALLE NOVEMBRE 2026;LAVANS LES SAINT CLAUDE;0239045;LES ARCHERS DU LIZON;CR02;390;Tir à 18m;individuel;2027;lesarchersdulizon@gmail.com;fl.lallemand@orange.fr;gymnasme du plateau;Grande rue grande rue;39170;LAVANS LES ST CLAUDE;5.78864;46.39209;;Validée;78243
22/11/2026;22/11/2026;FITA SALLE;TONNERRE;0289093;A.S.T TIR A L'ARC;CR02;890;Tir à 18m;individuel;2027;s.lebeau89@orange.fr;s.lebeau89@orange.fr;GYMNASE ABEL MINARD;Rue DU PROFESSEUR ABEL MINARD;89700;TONNERRE;3.98847;47.86253;;Validée;78411
22/11/2026;22/11/2026;FITA SALLE;TONNERRE;0289093;A.S.T TIR A L'ARC;CR02;890;Para-tir à l'arc à 18m;individuel;2027;;;;;;;;;;Validée;78412
22/11/2026;22/11/2026;CONCOURS SALLE;GRAY;0270061;LES COMPAGNONS DES 3 FLAMMES VAL DE GRAY;CR02;700;Tir à 18m;individuel;2027;samiard@hotmail.com;http://www.lescompagnonsdes3flammes.fr;GYMNASE DELAUNAY;15 Rue JOSEPH THEVENIN;70100;GRAY;5.58019;47.44815;;Validée;79440
22/11/2026;22/11/2026;SALLE 2 X 2 X 18 METRES;PLOGASTEL SAINT GERMAIN;0329032;ARCHERS DU CASTEL;CR03;290;Tir à 18m;individuel;2027;lesarchersducastel@gmail.com;https://archersducastel.fr/;salle multifonction;Rue du stade;29710;PLOGASTEL ST GERMAIN;;;;Validée;77667
22/11/2026;22/11/2026;CONCOURS SALLE 2X18M;SALLE OMNISPORTS PLOUNÉOUR BRIGNOGAN PLAGES;0329034;PLOUNEOUR TREZIEN;CR03;290;Tir à 18m;individuel;2027;archers.legendes@gmail.com;;SALLE OMNISPORTS PLOUNÉOUR BRIGNOGAN PLAGES;Route goulven;29890;PLOUNEOUR TREZ;-4.31989;48.64927;;Validée;78569
22/11/2026;22/11/2026;TIR À 18 METRES - 4 DEPARTS - 8 CIBLES - RYTHME AB;TINTENIAC;CR03;COMITE REGIONAL DE BRETAGNE;CR03;;Tir à 18m;individuel;2027;michel.rogue@orange.fr;http://www.tiralarcbretagne.fr/;salle Tinténiac;Rue ERNEST RENAN;35190;TINTENIAC;-1.8244;48.33279;;Validée;78708
22/11/2026;22/11/2026;CONCOURS 3D;MONTIGNY LE GANNELON;0428042;ARC CLUB DUNOIS;CR04;280;Tir 3D;individuel;2027;arc.club.dunois@gmail.com;Marquis de Lewis;Chateau de montigny le gannelon;1 Avenue du marquis de levis;28220;MONTIGNY LE GANNELON;1.23124;48.01415;;Validée;78534
22/11/2026;22/11/2026;TIR SALLE;BASTIA;052B010;ASPTT BASTIA;CR05;2B000;Tir à 18m;individuel;2027;noelcasula62@gmail.com;https://www.facebook.com/ASPTTARC;COSEC DU FANGO;Avenue JEAN ZUCCARELLI;20200;BASTIA;9.44417;42.70327;;Validée;78986
22/11/2026;22/11/2026;CONCOURS INDIVIDUEL - CD55;BAR LE DUC;0655093;LES FLECHES BARISIENNES;CR06;550;Tir à 18m;individuel;2027;flechesbarisiennes@free.fr;;Gymnase Bradfer;1 Impasse des Brasseries;55000;BAR LE DUC;5.16919;48.76955;;Validée;78992
22/11/2026;22/11/2026;COMPÉTITION DES TROIS FRONTIÈRES - 2026;"CENTRE SPORTIF RÉGIONAL D&apos;ALSACE - MULHOUSE";0668187;MULHOUSE C.A.B.;CR06;680;Tir à 18m;individuel;2027;xavier.jcb68@gmail.com;http://www.cabmulhouse.com;"Centre Sportif Régional d&apos;Alsace";Rue des Frères Lumières;68100;MULHOUSE;7.31594;47.73139;;Validée;77327
22/11/2026;22/11/2026;CONCOURS NATURE;33460 ARSAC;1033109;LES ARCHERS D'ARSAC;CR10;330;Tir Nature;individuel;2027;chrystelletiralarc@free.fr;https://les-archers-darsac.odoo.com;La cabane des archers;Allée du Luquet;33460;ARSAC;-0.69068;45.00556;;Validée;77495
22/11/2026;22/11/2026;PÉRIGUEUX NOVEMBRE 2026;PERIGUEUX;1024062;CIE D'ARC DE PERIGUEUX;CR10;240;Tir à 18m;individuel;2027;compagniearcperigueux@gmail.com;https://www.compagnie-d-arc-de-perigueux.fr/;gymnase St-Georges;Rue des chaudronniers;24000;PERIGUEUX;0.72974;45.18276;;Validée;77686
22/11/2026;22/11/2026;CONCOURS SALLE 2 X 18 M;CARCASSONNE;1111008;LES ARCHERS DE LA CITE;CR11;110;Tir à 18m;individuel;2027;archer.cite.president@gmail.com;http://archersdelacite.com/;Salle des archers de la Cité;10 Boulevard général Sarrail;11000;CARCASSONNE;2.36624;43.21813;;Validée;77389
22/11/2026;22/11/2026;CONCOURS DOMINICAL;VIAS;1134140;CLUB DES ARCHERS VIASSOIS;CR11;340;Tir à 18m;individuel;2027;archers.viassois@gmail.com;;Gymnase Victor Bernado;Avenue Pierre Castel;34450;VIAS;3.41385;43.31177;;Validée;77724
22/11/2026;22/11/2026;CONCOURS DOMINICAL;VIAS;1134140;CLUB DES ARCHERS VIASSOIS;CR11;340;Para-tir à l'arc à 18m;individuel;2027;;;;;;;;;;Validée;77725
22/11/2026;22/11/2026;CONCOURS NATURE 2 DÉPARTS DIMANCHE;GRAULHET;1181205;LES ARCHERS DU DADOU;CR11;810;Tir Nature;individuel;2027;concours.archersdadou@gmail.com;https://lesarchersdudadou.sportsregions.fr/;-;53bis Avenue de Bérénice;81300;GRAULHET;1.97051;43.75755;;Validée;79763
22/11/2026;22/11/2026;CONCOURS SALLE;VIC EN BIGORRE;1165171;LES ARCHERS DE FEBUS;CR11;650;Tir à 18m;individuel;2027;archersdefebus@yahoo.fr;;Lycée agricole Jean MONNET;11 bis Promenade des acacias;65500;VIC EN BIGORRE;0.0458;43.38125;;Validée;78967
22/11/2026;22/11/2026;CONCOURS 22 NOVEMBRE;SILLÉ LE GUILLAUME;1272109;COMPAGNIE DES ARCHERS DE SILLE;CR12;720;Tir à 18m;individuel;2027;nathaliebecu@wanadoo.fr;https://les-archers-de-sille.jimdosite.com;Salle de la Métallerie;209 Rue Marcel Tabur;72140;SILLE LE GUILLAUME;-0.14927;48.17502;;Validée;77809
22/11/2026;22/11/2026;CONCOURS 22 NOVEMBRE;SILLÉ LE GUILLAUME;1272109;COMPAGNIE DES ARCHERS DE SILLE;CR12;720;Para-tir à l'arc à 18m;individuel;2027;;;;;;;;;;Validée;77810
22/11/2026;22/11/2026;TIR EN SALLE N°2;RIVIERE-PILOTE;3997011;LA FLECHE PILOTINE;CR39;972;Tir à 18m;individuel;2027;lfp.arc@gmail.com;;La Flèche Pilotine;Quartier Bas Mangot;97211;RIVIERE PILOTE;-60.90113;14.47733;;Validée;79618
23/10/2026;25/10/2026;CONCOURS À 18 M EN AB;PLOURIN LES MORLAIX;0329053;COMPAGNIE D'ARC DE PLOURIN LES MORLAIX;CR03;290;Tir à 18m;individuel;2027;compagnieplourin@hotmail.com;http://compagnieplourin.com;COMPLEXE SPORTIF;Allée DE COATELAN;29600;PLOURIN LES MORLAIX;;;;Validée;77743
23/10/2026;25/10/2026;"LANCAS&apos;TOURS";TOURS;0437091;U.S. TOURS;CR04;370;Loisirs Confirmé;individuel;2027;tiralarctours@gmail.com;https://www.tours-tiralarc.fr/fr/lancastours;Gymnase Choiseul;94 Rue des douets;37100;TOURS;0.68156;47.43617;;Validée;79846
23/10/2026;23/10/2026;PARTAGE TES FLECHES - ARC ALLOW WIN;BOÉ;1047144;ARCHERS DE BOE;CR10;470;Loisirs Débutant;individuel;2027;jean.marie.tovo@gmail.com;78 Av. François Mitterrand;LES ARCHERS DE BOE;78  Avenue FRANÇOIS MITTERRAND;47550;BOE;0.6562;44.17177;;Validée;78246
24/09/2026;04/10/2026;CHAMPIONNAT DU MONDE;YANKTON - USA;0;Fédération Française de Tir à l'Arc;;;Tir 3D;individuel;2026;ffta@ffta.fr;https://www.ffta.fr;;;;;;;;Validée;74813
24/09/2026;04/10/2026;CHAMPIONNAT DU MONDE;YANKTON - USA;0;Fédération Française de Tir à l'Arc;;;Tir en Campagne;individuel;2026;ffta@ffta.fr;https://www.ffta.fr;;;;;;;;Validée;74814
24/10/2026;25/10/2026;CONCOURS TIR A 18M;PORTES LES VALENCE;0126066;LA FLECHE SOUS BOIS;CR01;260;Tir à 18m;individuel;2027;girardericmichel67@gmail.com;http://laflechesousbois.fr/;HALLE DES SPORT;Rue JEAN MACE;26800;PORTES LES VALENCE;;;;Validée;77956
24/10/2026;25/10/2026;CONCOURS TIR A 18M;PORTES LES VALENCE;0126066;LA FLECHE SOUS BOIS;CR01;260;Para-tir à l'arc à 18m;individuel;2027;;;;;;;;;;Validée;77957
24/10/2026;25/10/2026;COMPETITION 2X18 + CRJ BONNEVILLE;BONNEVILLE;0174252;LES ARCHERS DU FAUCIGNY;CR01;740;Tir à 18m;individuel;2027;lesarchersdufaucigny@gmail.com;http://www.arcbonneville.com;Centre sportif de Bonneville;Avenue de staufen;74130;BONNEVILLE;6.40527;46.08409;;Validée;78422
24/10/2026;25/10/2026;TIR A 18M;MARSANNAY LA COTE;0221008;LES ARCHERS PATARAS;CR02;210;Tir à 18m;individuel;2027;archerspataras@gmail.com;http://archerspataras.sportsregions.fr;ESPACE DU ROCHER;3 Rue DU ROCHER;21160;MARSANNAY LA COTE;4.99193;47.27107;;Reportée;79204
24/10/2026;25/10/2026;TIR A 18M;MARSANNAY LA COTE;0221008;LES ARCHERS PATARAS;CR02;210;Para-tir à l'arc à 18m;individuel;2027;;;;;;;;;;Reportée;79205
24/10/2026;24/10/2026;TIR AMICAL EQUIPE OCTOBRE ROSE;BRIENON;0289107;LA SENTINELLE;CR02;890;Loisirs Confirmé;uniquement équipe;2027;archers.brienon@live.fr;https://archers-brienon.fr;"CENTRE DE TIR a L&apos;ARC";3 Rue PASTEUR;89210;BRIENON SUR ARMANCON;3.606;47.99065;;Validée;79474
24/10/2026;25/10/2026;TIR A 18M;MARSANNAY LA COTE;0221008;LES ARCHERS PATARAS;CR02;210;Para-tir à l'arc à 18m;individuel;2027;;;;;;;;;;Reportée;79681
24/10/2026;25/10/2026;CONCOURS SALLE ASNANS;CHAUSSIN;0239049;CIE ARCHERS MONTALEGRE;CR02;390;Tir à 18m;individuel;2027;alain.gras39@orange.fr;http://archersmontalegre.com;salle omnisports J.M Dussol,;Rue rue Henri Gagneur;39120;CHAUSSIN;5.40897;46.96975;;Validée;77771
24/10/2026;25/10/2026;CONCOURS QUALIFICATIF SALLE;AUTUN;0271083;ARCHERS DE L'AUTUNOIS-MORVAN;CR02;710;Tir à 18m;individuel;2027;jeanmarc.trqtl@gmail.com;https://archersautunois.fr/;COSEC CHATAIGNERAIE;Route de Mesvres;71400;AUTUN;4.28173;46.94579;;Validée;77775
24/10/2026;25/10/2026;CONCOURS 2X18M;ST JOUAN DES GUERETS;0335057;LES ARCHERS DE LA RANCE;CR03;350;Tir à 18m;individuel;2027;yvan.cessou@wanadoo.fr;lesarchersdelarance.fr;salle omnisport;Rue  de la croix aux merles;35430;ST JOUAN DES GUERETS;-1.97804;48.59911;;Validée;78213
24/10/2026;25/10/2026;TIR À 18 M;SAINT AGATHON;0322001;ARC EN CIEL;CR03;220;Tir à 18m;individuel;2027;thierry.panneau2822@gmail.com;http://arcenciel-st-agathon.weebly.com/;Salle des Sports;Rue du Stade;22200;ST AGATHON;-3.10808;48.55827;;Validée;79577
24/10/2026;25/10/2026;3D INDOOR;SAINT-AMAND-MONTROND;0418006;ARCHERS SAINT AMANDOIS;CR04;180;Loisirs Débutant et confirmé;individuel;2027;renepierre.grondin@gmail.com;;Gymnase Barathon;Rue PIERRE DE COUBERTIN;18200;ST AMAND MONTROND;2.51188;46.71662;;Validée;79672
24/10/2026;25/10/2026;TIR SALLE OCTOBRE;LEVROUX;0436064;1ERE CIE D'ARCHERS DES TOURS;CR04;360;Tir à 18m;individuel;2027;tiralarc.levroux@gmail.com;23 rue de la promenade;Gymnase Michel Moulin;4 Avenue Des arènes;36110;LEVROUX;1.60811;46.97534;;Validée;79157
24/10/2026;25/10/2026;"LANCAS&apos;TOURS";TOURS;0437091;U.S. TOURS;CR04;370;Para-tir à l'arc à 18m;individuel;2027;;;;;;;;;;Validée;79221
24/10/2026;25/10/2026;TIR SALLE 2X18 M;ROMILLY SUR SEINE;0610023;ROMILLY SPORTS - 10;CR06;100;Tir à 18m;individuel;2027;rs10.tiralarc@gmail.com;;COSEC;Allée MONTESQUIEU;10100;ROMILLY SUR SEINE;3.71739;48.51741;;Validée;78113
24/10/2026;25/10/2026;TIR SALLE 2X18 M;ROMILLY SUR SEINE;0610023;ROMILLY SPORTS - 10;CR06;100;Para-tir à l'arc à 18m;individuel;2027;;;;;;;;;;Validée;78114
24/10/2026;25/10/2026;CONCOURS SELECTIF INDIVIDUEL;FOLSCHVILLER;0657132;CIE ARC FOLSCHVILLER;CR06;570;Tir à 18m;individuel;2027;gerard.dolweck@orange.fr;https://www.archers-folschviller.free-h.net;Gymnase Musset;Rue rue de la Forêt;57730;FOLSCHVILLER;6.68896;49.07908;;Validée;78216
24/10/2026;25/10/2026;"CONCOURS DE TIR À L&apos;ARC EN SALLE";SAINT DIÉ DES VOSGES;0688203;1ERE COMPAGNIE D'ARC DE SAINT-DIE-DES-VOSGES;CR06;880;Tir à 18m;individuel;2027;presidence@club-arc-saint-die.fr;http://club-arc-saint-die.fr;Palais Omnisport Joseph Claudel;"Rue Du 12ème Régiment d&apos;Artillerie Prolongée";88100;ST DIE DES VOSGES;6.96799;48.28432;;Validée;77741
24/10/2026;25/10/2026;"CONCOURS DE TIR À L&apos;ARC EN SALLE";SAINT DIÉ DES VOSGES;0688203;1ERE COMPAGNIE D'ARC DE SAINT-DIE-DES-VOSGES;CR06;880;Para-tir à l'arc à 18m;individuel;2027;;;;;;;;;;Validée;77742
24/10/2026;25/10/2026;TIR A 18M;LE PLESSIS BELLEVILLE;0760212;1ERE CIE D'ARC LE PLESSIS BELLEVILLE;CR07;600;Tir à 18m;individuel;2027;filliatrestephane2@gmail.com;http://arc-leplessisbelleville.com;complexe sportif;Rue de verdun;60330;LE PLESSIS BELLEVILLE;2.76036;49.09707;;Validée;77343
24/10/2026;25/10/2026;18M VIC SUR AISNE;VIC SUR AISNE;0702033;1ERE CIE D'ARC DE VIC SUR AISNE;CR07;020;Tir à 18m;individuel;2027;vicps@free.fr;http://ciedarcvic.sportsregions.fr;gymnase du collège;Rue de rivière;02290;VIC SUR AISNE;3.12708;49.40865;;Validée;77696
24/10/2026;25/10/2026;CONCOURS SALLE QUALIFICATIF AU CHAMPIONNAT DE FRANCE;BLERIOT PLAGE;0762292;LES ARCHERS DES DUNES;CR07;620;Tir à 18m;individuel;2027;fabrice.zoo@free.fr;https://archers-dunes-sangatte-calais.kalisport.com/;COMPLEXE JULES BOULART;Route DEPARTEMENTALE 940;62231;BLERIOT;1.77494;50.95198;;Validée;77905
24/10/2026;25/10/2026;TIR A 18 M;VALENCIENNES;0759129;V.U.C. TIR A L'ARC;CR07;590;Tir à 18m;individuel;2027;vuctiralarc@gmail.com;http://www.vuc-omnisports.fr;BATIMENT B;- Impasse Campus Mont Houy, Aulnoy lez Valenciennes;59313;VALENCIENNES;;;;Validée;79328
24/10/2026;24/10/2026;NATURE AUTOMNE SAMEDI;DRAVEIL;0891175;ARCHERS DE DRAVEIL SENART VAL DE SEINE;CR08;910;Tir Nature;individuel;2027;patricebertolotti@free.fr;http://www.archersdedraveil.com;salle Stry;44 Rue Charles Mory;91210;DRAVEIL;2.43465;48.68112;;Validée;77166
24/10/2026;25/10/2026;TIR A 18 M OCTOBRE ROSE;CARRIERES SUR SEINE;0878124;ARCHERS CARRIERES USC;CR08;780;Tir à 18m;individuel;2027;tiralarc@usc.asso.fr;https://archers-de-carrieres78.sportsregions.fr;"Gymnase de l&apos;Ardente";13 Rue de Verdun;78420;CARRIERES SUR SEINE;2.18663;48.91331;;Validée;77193
24/10/2026;25/10/2026;2*18M CSADN VERNON;VERNON;0927039;SECTION TIR A L ARC C.S.A.D.N.;CR09;270;Tir à 18m;individuel;2027;guyllierminetti.n@gmail.com;http://csadntiralarc.e-monsite.com/;Gymnase Arianne;"Avenue de l&apos;industrie";27200;VERNON;1.47026;49.09645;;Validée;77830
24/10/2026;25/10/2026;2*18M CSADN VERNON PARA;VERNON;0927039;SECTION TIR A L ARC C.S.A.D.N.;CR09;270;Para-tir à l'arc à 18m;individuel;2027;guyllierminetti.n@gmail.com;http://csadntiralarc.e-monsite.com/;gymnase ariane;"Avenue de l&apos;industrie";27200;VERNON;1.47026;49.09645;;Validée;77831
24/10/2026;25/10/2026;4X18M DES 3 PROVINCES;SAINT-HILAIRE-DU-HARCOUËT;0950068;ARCHERS DU HARCOUET;CR09;500;Tir à 18m;individuel;2027;greff.adh@gmail.com;http://lesarchersduharcouet.e-monsite.com/;Salle Omnisports Marly;"Rue d&apos;Egypte";50600;ST HILAIRE DU HARCOUET;-1.09941;48.57991;;Validée;78497
24/10/2026;25/10/2026;4X18M DES 3 PROVINCES;SAINT-HILAIRE-DU-HARCOUËT;0950068;ARCHERS DU HARCOUET;CR09;500;Para-tir à l'arc à 18m;individuel;2027;;;;;;;;;;Validée;78498
24/10/2026;25/10/2026;TIR À 18 METRES;SAINT VALERY EN CAUX;0976093;ARCHERS VALERIQUAIS;CR09;760;Tir à 18m;individuel;2027;steyer.thierry@orange.fr;;Gymnase Aime Gayraud;Rue Petite rue savoye;76460;ST VALERY EN CAUX;0.71095;49.86025;;Validée;78501
24/10/2026;25/10/2026;SALLE FONTENAY 2026;FONTENAY LE MARMION;0914021;CIE DES ARCHERS D'HEROUVILLE;CR09;140;Tir à 18m;individuel;2027;archers.herouville@gmail.com;https://www.archers-herouville.fr/;salle Omnisport;6 Rue des Ecoles;14320;FONTENAY LE MARMION;-0.3529;49.09228;;Validée;78565
24/10/2026;25/10/2026;SALLE FONTENAY 2026;FONTENAY LE MARMION;0914021;CIE DES ARCHERS D'HEROUVILLE;CR09;140;Para-tir à l'arc à 18m;individuel;2027;;;;;;;;;;Validée;78566
24/10/2026;25/10/2026;CONCOURS SALLE  2X 18M;GYMNASE LA GARENNE , MORTAGNE AU PERCHE;0961080;UNION SPORTIVE MORTAGNE;CR09;610;Tir à 18m;individuel;2027;usm.tir.arc@gmail.com;http://usmarc.clubeo.com;GYYMNASE DE LA GARENNE;Rue JEAN MONNET;61400;MORTAGNE AU PERCHE;;;;Validée;78635
24/10/2026;25/10/2026;"24H DE L&apos;ASAM";CHERBOURG-OCTEVILLE;0950057;A.S.A.M. TIR A L'ARC CHERBOURG-OCTEVILLE;CR09;500;Loisirs Confirmé;uniquement équipe;2027;asamtiralarc@free.fr;http://asamtiralarc.clubeo.com;"salle de l&apos;Asam";Rue des 3 hangars;50100;CHERBOURG OCTEVILLE;;;;Validée;79111
24/10/2026;25/10/2026;TIR SALLE 2X18M - URRUGNE;URRUGNE;1064173;ARCHERS DE LARRUN;CR10;640;Tir à 18m;individuel;2027;lesarchersdelarrun@gmail.com;http://www.les-archers-de-larrun.com;Complexe sportif de Socoa;2091-2127 Route Route de Socoa;64122;URRUGNE;-1.69007;43.37523;;Validée;78217
24/10/2026;25/10/2026;TIR NATURE 3  DÉPARTS;"ST JULIEN DE L&apos;ESCAP";1017029;LES ARCHERS D'HELENE;CR10;170;Tir Nature;individuel;2027;soltani.mohamed0000@gmail.com;http://lesarchersdhelene.club.sportsregions.fr/;Bois DIOT;Parc Le parc;17400;ST JULIEN DE L ESCAP;-0.47015;45.93838;https://extranet.ffta.fr/medias/documents_epreuves/110c025405ea34.pdf;Validée;79271
24/10/2026;25/10/2026;TIR EN SALLE 2X18M;ARDIN;1079182;LES ARCHERS DE L'AUTIZE;CR10;790;Tir à 18m;individuel;2027;lesarchersdelautize@gmail.com;http://www.lesarchersdelautize.com;SALLE OMNISPORT;Rue 12 RUE DU CALVAIRE;79160;COULONGES SUR L AUTIZE;-0.59935;46.47911;;Validée;79352
24/10/2026;25/10/2026;TIR EN SALLE 2X18M;ARDIN;1079182;LES ARCHERS DE L'AUTIZE;CR10;790;Para-tir à l'arc à 18m;individuel;2027;;;;;;;;;;Validée;79353
24/10/2026;24/10/2026;TIR SALLE SPECIAL JEUNE;ARDIN;1079182;LES ARCHERS DE L'AUTIZE;CR10;790;Loisirs Confirmé;individuel;2027;lesarchersdelautize@gmail.com;http://www.lesarchersdelautize.com;SALLE OMNISPORT;12 Rue DU CALVAIRE;79160;COULONGES SUR L AUTIZE;-0.59933;46.4791;;Validée;79356
24/10/2026;24/10/2026;CONCOURS SALLE 2X18M;33460 ARSAC;1033109;LES ARCHERS D'ARSAC;CR10;330;Tir à 18m;individuel;2027;chrystelletiralarc@free.fr;https://les-archers-darsac.odoo.com;Salle Panchon;2 Impasse de la marine;33460;ARSAC;-0.69391;44.99059;;Validée;77458
24/10/2026;24/10/2026;CHALLENGE TIR AU FÉMININ;MÉZIN;1047146;ARCHERS DE LA TENAREZE;CR10;470;Loisirs Débutant et confirmé;individuel;2027;jacques.sottoriva@gmail.com;https://archers-tenareze.org;salle;32 Allée vigier;47170;MEZIN;;;;Validée;77833
24/10/2026;25/10/2026;CONCOURS SALLE 2026-2027;LENCLOITRE;1086193;CIE DES ARCHERS DE L'ENVIGNE;CR10;860;Tir à 18m;individuel;2027;archerslenvigne@gmail.com;http://archersdelenvigne.sportsregions.fr/actualites-du-club;Gymnase Christian Roger;Rue Stade;86140;LENCLOITRE;0.33232;46.819;;Validée;77891
24/10/2026;25/10/2026;COMPETITION 2X18M SELECTIF FRANCE;FRONTIGNAN;1134126;LES ARCHERS DU SOLEIL;CR11;340;Tir à 18m;individuel;2027;lesarchersdusoleil@gmail.com;https://archersdusoleilfrontignan.fr/;alexandre soubrier;2 Avenue des carrieres;34110;FRONTIGNAN;3.75463;43.44932;;Validée;77218
24/10/2026;25/10/2026;COMPETITION 2X18M SELECTIF FRANCE;FRONTIGNAN;1134126;LES ARCHERS DU SOLEIL;CR11;340;Para-tir à l'arc à 18m;individuel;2027;;;;;;;;;;Validée;77219
24/10/2026;24/10/2026;CONCOURS AUTOMNE;ANDUZE;1130061;CLUB DES ARCHERS ANDUZIENS;CR11;300;Tir Nature;individuel;2027;archersanduziens@orange.fr;https://www.archersanduziens.fr/;hangar de Lacan;Chemin du serre de lacan;30140;ANDUZE;3.97147;44.04064;;Validée;78839
24/10/2026;25/10/2026;TIR A 18 M;NEGREPELISSE;1182216;LES ARCHERS QUERCYNOIS DE NEGREPELISSE;CR11;820;Tir à 18m;individuel;2027;marjorie.geant@gmail.com;;GYMNASE JEAN TACHÉ;355 Rue PASTEUR;82800;NEGREPELISSE;1.52832;44.07635;;Validée;79200
24/10/2026;24/10/2026;CONCOURS NATURE LE MANS;LE MANS;1272103;ASSO NOUVELLE DES ARCHERS DE LA NATURE - LE MANS;CR12;720;Tir Nature;individuel;2027;didier.tollet0277@orange.fr;http://archersdelanature.fr;LES ARCHERS DE LA NATURE;Route DE LA BLANCHARDIERE;72560;CHANGE;0.26834;47.99102;https://extranet.ffta.fr/medias/documents_epreuves/110b53c259b3e6.pdf;Validée;78046
24/10/2026;24/10/2026;TIR ROSE LA HAYE FOUASSIÈRE;LA HAIE FOUASSIERE;1244013;ARC'HAYE;CR12;440;Tir à 18m;individuel;2027;brenot.delphine4@gmail.com;http://archaye.fr;Complèxe Sportif du Moulin des Landes;Route de la Juiverie;44690;LA HAIE FOUASSIERE;-1.40227;47.16082;;Validée;79060
24/10/2026;24/10/2026;TARGET À LA TURBALLE;LA TURBALLE;1244036;LES FLECHES TURBALLAISES;CR12;440;Tir à 18m;individuel;2027;benjamin.jube44420@gmail.com;;Salle des Sports;Allée Des Sports;44420;LA TURBALLE;-2.51097;47.34969;https://extranet.ffta.fr/medias/documents_epreuves/110ca9213790ae.pdf;Validée;77684
24/10/2026;24/10/2026;TOURNOI DES DAMES;LE MANS;1272105;SOM TIR A L'ARC;CR12;720;Tir à 18m;individuel;2027;somtiralarc72@gmail.com;https://sites.google.com/view/lemanssomtiralarc/le-club/tournoi-des-dames;Gymnase de la Californie;201 Rue Henri CHAMPION;72100;LE MANS;0.23315;47.98682;;Validée;77779
24/10/2026;24/10/2026;TOURNOI DES DAMES;LE MANS;1272105;SOM TIR A L'ARC;CR12;720;Para-tir à l'arc à 18m;individuel;2027;somtiralarc72@gmail.com;sites.google.com/view/lemanssomtiralarc/le-club/tournoi-des-dames;Gymnase de la Californie;201 Rue Henri CHAMPION;72100;LE MANS;0.23308;47.98682;;Validée;77781
24/10/2026;25/10/2026;TIR 18M 2026;ST RAPHAEL;1383128;COMPAGNIE DES ARCHERS DE SAINT-RAPHAËL/VALESCURE;CR13;830;Tir à 18m;individuel;2027;santorofrancesco2153@gmail.com;;SALLE GUILLAUME PACI;940  Boulevard DE L ASPE;83700;ST RAPHAEL;;;;Validée;78926
24/10/2026;25/10/2026;SALLE 2026;ARGENTIERE LA BESSEE;1305020;LES ARCHERS DES ECRINS;CR13;050;Tir à 18m;individuel;2027;lesarchersdesecrins@gmail.com;http://lesarchersdesecrins.net;Gymnase Patrick VIGNE;Avenue du Quartz;05120;L ARGENTIERE LA BESSEE;6.5557;44.78271;;Validée;78950
25/10/2026;25/10/2026;TIR EN SALLE ASPTT AURILLAC;ARPAJON SUR CERE;0115053;AURILLAC (ASPTT);CR01;150;Tir à 18m;individuel;2027;michel.gazal@wanadoo.fr;;gymnase Asptt;230 Avenue jean ferrat;15130;ARPAJON SUR CERE;2.46021;44.89624;;Validée;78091
25/10/2026;25/10/2026;TIR EN SALLE ISSOIRE 2X18M;ISSOIRE;0163164;USI ARCHERS YSSOIRIENS;CR01;630;Tir à 18m;individuel;2027;archers.usi@wanadoo.fr;http://www.archers-yssoiriens.org;Gymnase Laura Flessel;Boulevard Pasteur;63500;ISSOIRE;3.24866;45.55137;;Validée;78101
25/10/2026;25/10/2026;CONCOURS 18 M;CLEGUEREC;0356101;LES ARCHERS DE CLEGUEREC;CR03;560;Tir à 18m;individuel;2027;sabrina.baudic@free.fr;;salle des sports;Rue  du stade;56480;CLEGUEREC;-3.07401;48.12914;;Validée;78270
25/10/2026;25/10/2026;NATURE  OCTOBRE  2X21CIBLES;CHAUMONT SUR THARONNE;0445133;ETOILE BALGENTIENNE;CR04;450;Tir Nature;individuel;2027;archerbeaugency@gmail.com;https://tir-arc.etoile-balgentienne.fr/;les charbonneaux;23,RUE DE MONTPATOUR Route route de vouzon;41600;CHAUMONT SUR THARONNE;1.64212;47.77556;;Validée;79361
25/10/2026;25/10/2026;NATURE AUTOMNE DIMANCHE;DRAVEIL;0891175;ARCHERS DE DRAVEIL SENART VAL DE SEINE;CR08;910;Tir Nature;individuel;2027;patricebertolotti@free.fr;http://www.archersdedraveil.com;salle Stry;44 Rue Charles Mory;91210;DRAVEIL;2.43475;48.68103;;Validée;77167
25/10/2026;25/10/2026;TIR CAMPAGNE CIE ALM EVREUX;BOULAY MORIN;0927050;CIE DES ARCHERS ALM EVREUX;CR09;270;Tir en Campagne;individuel;2027;caalmevreux@gmail.com;https://www.archers-alm-evreux.com;Terrain;Rue Grands merisiers;27930;LE BOULAY MORIN;1.19852;49.06846;;Validée;77620
25/10/2026;25/10/2026;CD CREUSE;AUBUSSON;1023049;LES ARCHERS DE LA DAME A LA LICORNE;CR10;230;Tir à 18m;individuel;2027;bruno.tarisse@wanadoo.fr;http://club.quomodo.com/archer-dame-a-la-licorne;hall polyvalent;"Avenue d&apos;Auvergne";23200;AUBUSSON;2.18714;45.95751;;Validée;77211
25/10/2026;25/10/2026;TIR EN SALLE 18M;ANGOULEME;1016012;LES ARCHERS DES VALOIS;CR10;160;Tir à 18m;individuel;2027;archers.des.valois@gmail.com;;HALLE DES SPORTS;Rue DE LA CROIX LANAUVE;16000;ANGOULEME;0.16047;45.6326;;Validée;78218
25/10/2026;25/10/2026;DÉCOUVERTE RUN ARCHERY;ROCHEFORT SUR MER;1017026;S A R TIR A L'ARC;CR10;170;Loisirs Débutant et confirmé;individuel;2027;tresorier@sartiralarc.fr;https://www.sartiralarc.fr;corderie royale;10 Quai joseph bellot;17300;ROCHEFORT;-0.95556;45.94193;;Reportée;78652
25/10/2026;25/10/2026;TIR 3D 46300 GOURDON 1X24 MATIN;46300 GOURDON;1146150;L'ARC DE LA BUTTE;CR11;460;Tir 3D;individuel;2027;larcdelabutte@gmail.com;http://www.larcdelabutte.com;Parking;Domaine L’étang d’écoute s’il pleut;46300;GOURDON;;;;Validée;78603
25/10/2026;25/10/2026;TIR 3D 46300 GOURDON 1X24 APRÈS MIDI;46300 GOURDON;1146150;L'ARC DE LA BUTTE;CR11;460;Tir 3D;individuel;2027;larcdelabutte@gmail.com;http://www.larcdelabutte.com;Parking;Domaine L’étang  d’écoute s’il pleut;46300;GOURDON;;;;Validée;78604
25/10/2026;25/10/2026;TIR EN  SALLE  PLAISANCE DU GERS;PLAISANCE DU GERS;1132103;PLAISANCE TIR SPORTIF;CR11;320;Tir à 18m;individuel;2027;arc-plaisantin@hotmail.com;;Plaisance tir sportif;Rue rue de la Halle;32160;PLAISANCE;0.04694;43.60267;;Validée;78711
25/10/2026;25/10/2026;CONCOURS AUTOMNE 2;ANDUZE;1130061;CLUB DES ARCHERS ANDUZIENS;CR11;300;Tir Nature;individuel;2027;archersanduziens@orange.fr;https://www.archersanduziens.fr/;hangar de lacan;Chemin du serre de lacan;30140;ANDUZE;3.97147;44.04064;;Validée;78840
25/10/2026;25/10/2026;CONCOURS SALLE 18M;PRADES;1166195;LES ARCHERS DE LLUPIA;CR11;660;Tir à 18m;individuel;2027;archers.dellupia@orange.fr;;Halle des sports;2 Allée Plaine Saint Martin;66500;PRADES;;;;Validée;79332
25/10/2026;25/10/2026;CONCOURS SALLE 18M;PRADES;1166195;LES ARCHERS DE LLUPIA;CR11;660;Para-tir à l'arc à 18m;individuel;2027;;;;;;;;;;Validée;79333
25/10/2026;25/10/2026;CONCOURS SALLE 2 X 18 M;CARCASSONNE;1111008;LES ARCHERS DE LA CITE;CR11;110;Tir à 18m;individuel;2027;archer.cite.president@gmail.com;http://archersdelacite.com/;Salle des archers de la Cité;10 Boulevard général Sarrail;11000;CARCASSONNE;2.36628;43.21811;;Validée;77387
25/10/2026;25/10/2026;LA TURBALLE EN SALLE;LA TURBALLE;1244036;LES FLECHES TURBALLAISES;CR12;440;Tir à 18m;individuel;2027;benjamin.jube44420@gmail.com;;Salle des Sports;Allée des Sports;44420;LA TURBALLE;-2.51097;47.34969;https://extranet.ffta.fr/medias/documents_epreuves/110ca914c1eb9c.pdf;Validée;77685
25/10/2026;25/10/2026;TIR À 18M;LE MANS;1272105;SOM TIR A L'ARC;CR12;720;Tir à 18m;individuel;2027;somtiralarc72@gmail.com;https://sites.google.com/view/lemanssomtiralarc;Gymnase de la Californie;201 Rue Henri CHAMPION;72100;LE MANS;0.23312;47.98678;;Validée;77780
25/10/2026;25/10/2026;TIR À 18M;LE MANS;1272105;SOM TIR A L'ARC;CR12;720;Para-tir à l'arc à 18m;individuel;2027;somtiralarc72@gmail.com;https://sites.google.com/view/lemanssomtiralarc;Gymnase de la Californie;201 Rue Henri CHAMPION;72100;LE MANS;0.23312;47.9868;;Validée;77782
25/10/2026;25/10/2026;CONCOURS 3D LE MANS;LE MANS;1272103;ASSO NOUVELLE DES ARCHERS DE LA NATURE - LE MANS;CR12;720;Tir 3D;individuel;2027;didier.tollet0277@orange.fr;http://archersdelanature.fr;LES ARCHERS DE LA NATURE;Chemin de la blanhardiere;72560;CHANGE;0.26837;47.99105;https://extranet.ffta.fr/medias/documents_epreuves/110b53c57e5951.pdf;Validée;77966
25/10/2026;25/10/2026;TIR  EN SALLE 18M LA HAYE FOUASSIÈRE;LA HAYE FOUASSIÈRE;1244013;ARC'HAYE;CR12;440;Tir à 18m;individuel;2027;brenot.delphine4@gmail.com;http://archaye.fr;Complèxe Sportif du Moulin des Landes;Route de la Juiverie;44690;LA HAIE FOUASSIERE;-1.40227;47.16082;;Validée;79059
25/10/2026;25/10/2026;TIR EN SALLE N°1;LE LAMENTIN;3997005;LE MOUSQUET LAMENTINOIS;CR39;972;Tir à 18m;individuel;2027;m.frederic6@wanadoo.fr;;LE MOUSQUET LAMENTINOIS;Quartier Carrère;97232;LE LAMENTIN;-60.00868;14.58541;;Validée;79617
26/09/2026;27/09/2026;3D AUTOMNE;PONT DE VERNEJOUX;0115058;LA FLECHE DE LA SUMENE;CR01;150;Tir 3D;individuel;2027;fleche.sumene@gmail.com;https://www.flechesumene.free.fr;Pont de Vernejoux;Rue RD 15 Route de la Dordogne;15350;CHAMPAGNAC;2.36873;45.36395;https://extranet.ffta.fr/medias/documents_epreuves/110b6e81ac6197.pdf;Validée;76527
26/09/2026;27/09/2026;NATURE SEPTEME + CD69 DIMANCHE;SEPTEME;0169211;TIR OLYMPIQUE VIENNOIS;CR01;690;Tir Nature;individuel;2027;cmaffini@aol.com;;a;Chemin du devey;38780;SEPTEME;4.97534;45.5464;https://extranet.ffta.fr/medias/documents_epreuves/110578e20f7bab.pdf;Validée;79693
26/09/2026;26/09/2026;TIR EN CAMPAGNE;RENNES;0335067;COMPAGNIE D'ARCHERS DE RENNES;CR03;350;Tir en Campagne;individuel;2027;contact@archersderennes.com;http://www.archersderennes.com;Centre aéré Dominique Savio;Route louvinais;35700;RENNES;-1.63333;48.14372;;Validée;78770
26/09/2026;26/09/2026;CONCOURS NATURE;NOGENT LE ROTROU;0428050;LES ARCHERS DU PERCHE;CR04;280;Tir Nature;individuel;2026;lesarchersduperche@gmail.com;https://www.lesarchersduperche.org;camping  municipal;"Route l&apos;aunay des guiniers";28330;AUTHON DU PERCHE;0.89605;48.19399;https://extranet.ffta.fr/medias/documents_epreuves/1102a5d1dd90b3.pdf;Validée;76471
26/09/2026;27/09/2026;24H DE SECLIN;SECLIN;0759117;SECLINOISE ARCHERIE;CR07;590;Loisirs Confirmé;uniquement équipe;2026;david.trenet@orange.fr;http://seclinoise-archerie.com;Salle Rosenberg;Rue des Martyrs;59113;SECLIN;3.02276;50.55175;;Validée;75056
26/09/2026;27/09/2026;PARTICULIER;SERINGES ET NESLES;0702078;CIE D ARC SERINGES ET NESLES;CR07;020;Loisirs Débutant et confirmé;individuel;2026;ciearcseringesetnesles@orange.fr;http://arc-seringes-02.sportsregions.fr/;"Jeu d&apos;Arc de Seringes et Nesles";"Rue Du Jeu d&apos;Arc";02130;SERINGES ET NESLES;3.54338;49.20691;;Validée;75067
26/09/2026;26/09/2026;TIR AUX POMMES;PARCY ET TIGNY;0702020;CIE D'ARC DE PARCY ET TIGNY;CR07;020;Loisirs Débutant et confirmé;individuel;2026;cie-arcparcytigny@orange.fr;;JEU D ARC;"13 Rue du jeu d&apos;arc";02210;PARCY ET TIGNY;3.33643;49.27683;https://extranet.ffta.fr/medias/documents_epreuves/110495412b021b.pdf;Validée;75893
26/09/2026;27/09/2026;"TAE D&apos;AUTOMNE";SAINT GERMAIN SUR MORIN;0877040;CIE DE ST GERMAIN S/MORIN - VAL D'EUROPE;CR08;770;Para-tir à l'arc en extérieur;individuel;2026;casgsm77@gmail.com;https://casg77.fr/;Centre sportif J Godet;Rue de Montguillon;77860;ST GERMAIN SUR MORIN;2.84665;48.88051;https://extranet.ffta.fr/medias/documents_epreuves/11040c85d6b9e0.pdf;Validée;75171
26/09/2026;27/09/2026;"TAE D&apos;AUTOMNE";SAINT GERMAIN SUR MORIN;0877040;CIE DE ST GERMAIN S/MORIN - VAL D'EUROPE;CR08;770;Tir à l'Arc Extérieur;individuel;2026;casgsm77@gmail.com;https://casg77.fr/;Centre sportif J Godet;Rue de Montguillon;77860;ST GERMAIN SUR MORIN;2.84665;48.88051;https://extranet.ffta.fr/medias/documents_epreuves/11040c9226de5e.pdf;Validée;75172
26/09/2026;27/09/2026;FINALE RUN ARCHERY TOUR;MONTIGNY LES CORMEILLES;0895299;LES ARCHERS DE MONTIGNY LES CORMEILLES;CR08;950;Run archery;individuel;2026;arcmontignylescormeilles@yahoo.fr;http://www.archersmontignylescormeilles.fr;stade du Bois Barrais;Rue de Conflans;95370;MONTIGNY LES CORMEILLES;2.19694;48.99154;https://extranet.ffta.fr/medias/documents_epreuves/1103fa3e3a461.pdf;Validée;76538
26/09/2026;26/09/2026;"TIR DES ARBITRES D&apos;IDF";MAISONS-LAFFITTE;0878115;CIE D'ARC DE MAISONS LAFFITTE;CR08;780;Loisirs Débutant et confirmé;individuel;2027;archer@kmonteil.fr;https://archersmaisonslaffitte.net;"Terrain de l&apos;île de la Commune";Rue de la Digue;78600;MAISONS LAFFITTE;2.15154;48.94174;;Validée;77920
26/09/2026;11/11/2026;PRIX GÉNÉRAL ET PARTICULIER DE CHAMPS SUR MARNE;CHAMPS SUR MARNE;0877044;CIE D'ARC CHAMPS SUR MARNE;CR08;770;Tir Beursault;individuel;2027;compagniearcchamps@gmail.com;https://arc-champsmarne.sportsregions.fr/;"Jeu d&apos;arc de la compagnie";24 Avenue Victor Hugo;77420;CHAMPS SUR MARNE;2.60395;48.85066;;Validée;79880
26/09/2026;26/09/2026;84 MEDOCAIN - SAMEDI;CASTELNAU DE MEDOC;1033070;LES ARCHERS DE LA LANDE CASTELNAUDAISE;CR10;330;Tir Nature;individuel;2026;gaelle.augustesakate@orange.fr;http://arc-castelnau.sportsregions.fr/;Terrain;Route DE CARCANS;33480;MOULIS EN MEDOC;-0.83029;45.02334;;Validée;76449
26/09/2026;26/09/2026;RIGALOU LE BASTIT  DEPART 1;RIGALOU LE BASTIT;1146147;ARCHERS DU CAUSSE DE GRAMAT;CR11;460;Tir Nature;individuel;2026;isabelle.barat@laposte.net;;terrain;Route rigalou;46500;LE BASTIT;1.63951;44.70999;;Validée;75098
26/09/2026;27/09/2026;"LES COLOSSALLES 12 HEURES DE TIR À L&apos;ARC";SAINT ANDRÉ;3597007;LES ARCHERS DU COLOSSE;CR35;974;Loisirs Débutant et confirmé;individuel;2027;jb97412@yahoo.com;http://www.archersducolosse.org;gymnase jean perrin;727 Avenue avenue de la République;97440;ST ANDRE;55.65223;-20.96152;;Validée;77991
26/11/2026;26/11/2026;TIR EN SALLE;LYON 8;0169188;LES LIONS DU 8EME;CR01;690;Tir à 18m;individuel;2027;president@leslionsdu8.fr;http://www.leslionsdu8.fr;GYMNASE NELSON PAILLOU;23 Avenue FRANCIS DE PRESSENSE;69008;LYON 8;;;;Validée;79139
26/11/2026;26/11/2026;TIR EN SALLE;LYON 8;0169188;LES LIONS DU 8EME;CR01;690;Para-tir à l'arc à 18m;individuel;2027;president@leslionsdu8.fr;http://www.leslionsdu8.fr;GYMNASE NELSON PAILLOU;23 Avenue FRANCIS DE PRESSENSE;69008;LYON 8;;;;Validée;79140
27/08/2026;28/08/2026;TAE - PRÉPARATION SELECTIONS;RENNES;0335067;COMPAGNIE D'ARCHERS DE RENNES;CR03;350;Tir à l'Arc Extérieur;individuel;2026;contact@archersderennes.com;http://www.archersderennes.com;Archers de Rennes;4 Avenue des Gayeulles;35700;RENNES;-1.64793;48.1321;;Validée;79767
27/09/2026;27/09/2026;TIR NATURE - DIMANCHE MATIN;BEAUJEU ET QUITTEUR;0270124;LES ROBINS DES 3 DONJONS;CR02;700;Tir Nature;individuel;2026;gauthey.c@orange.fr;;SALLE OMNISPORTS;Rue DU STADE;70100;BEAUJEU ET QUITTEUR;;;;Validée;76301
27/09/2026;27/09/2026;TIR NATURE - DIMANCHE APRES-MIDI;BEAUJEU ET QUITTEUR;0270124;LES ROBINS DES 3 DONJONS;CR02;700;Tir Nature;individuel;2026;gauthey.c@orange.fr;;SALLE OMNISPORTS;Rue DU STADE;70100;BEAUJEU ET QUITTEUR;;;;Validée;76302
27/09/2026;27/09/2026;TIR NATURE;RENNES;0335067;COMPAGNIE D'ARCHERS DE RENNES;CR03;350;Tir Nature;individuel;2027;contact@archersderennes.com;http://www.archersderennes.com;Centre aéré Dominique Savio;Route louvinais;35700;RENNES;-1.6333;48.14371;;Validée;78771
27/09/2026;27/09/2026;CONCOURS CAMPAGNE LE BLANC;FONTGOMBAULT;0436060;CIE LE BLANC ARCHER;CR04;360;Tir en Campagne;individuel;2026;compagnieleblancarchers36@gmail.com;;Espace loisirs / Swing Golf;Route de pouligny;36220;FONTGOMBAULT;0.99347;46.67686;https://extranet.ffta.fr/medias/documents_epreuves/110b93c1702ca8.pdf;Validée;74986
27/09/2026;27/09/2026;CONCOURS NATURE;NOGENT LE ROTROU;0428050;LES ARCHERS DU PERCHE;CR04;280;Tir Nature;individuel;2026;lesarchersduperche@gmail.com;https://www.lesarchersduperche.org;camping municipal;"Route L&apos;Aunay des Guiniers";28330;AUTHON DU PERCHE;0.89605;48.19399;https://extranet.ffta.fr/medias/documents_epreuves/1102a5c5b8386e.pdf;Validée;76473
27/09/2026;27/09/2026;3D;GORCY;0654070;ARCHER CLUB HAUCOURT-MOULAINE;CR06;540;Tir 3D;individuel;2026;secretaire@archers-haucourt.fr;http://archers-haucourt.fr/wordpress/;Terrain;1 Rue Joseph Labbé;54730;GORCY;5.6868;49.53222;https://extranet.ffta.fr/medias/documents_epreuves/10e45f530f53bc.pdf;Validée;76975
27/09/2026;27/09/2026;TIR NATURE DE REIMS;FORT DE FRESNE LES REIMS;0651031;CIE D'ARC DE REIMS;CR06;510;Tir Nature;individuel;2026;compagniedarcreims@gmail.com;http://www.compagnie-arc-reims.com/index.html;Fort de Fresne les Reims;Route De Witry les Reims;51110;FRESNE LES REIMS;4.04169;49.28644;https://extranet.ffta.fr/medias/documents_epreuves/10f71b9c2f3ec.pdf;Validée;74946
27/09/2026;27/09/2026;TIR 3D;ISBERGUES;0762291;LA FLECHE AIROISE;CR07;620;Tir 3D;individuel;2027;thomas.iket62@gmail.com;https://www.laflecheairoise.fr;CIRCUIT MARCEL MULLET;670 Rue DU CHATEAU;62330;ISBERGUES;2.44786;50.63188;https://extranet.ffta.fr/medias/documents_epreuves/1109dff47330eb.pdf;Validée;79743
27/09/2026;27/09/2026;84 MEDOCAIN - DIMANCHE;CASTELNAU DE MEDOC;1033070;LES ARCHERS DE LA LANDE CASTELNAUDAISE;CR10;330;Tir Nature;individuel;2026;gaelle.augustesakate@orange.fr;http://arc-castelnau.sportsregions.fr/;Terrain;Route DE CARCANS;33480;MOULIS EN MEDOC;-0.83029;45.02334;;Validée;76450
27/09/2026;27/09/2026;NATURE PIDOU;ST SAUVANT;1017022;ARC NATURE SAINT SAUVANT;CR10;170;Tir Nature;individuel;2026;gilsavie@orange.fr;;pidou;"Route de l&apos;orgere";17610;ST SAUVANT;;;;Validée;75109
27/09/2026;27/09/2026;RIGALOU LE BASTIT DEPART 3;RIGALOU LE BASTIT;1146147;ARCHERS DU CAUSSE DE GRAMAT;CR11;460;Tir Nature;individuel;2026;isabelle.barat@laposte.net;;terrain;Route rigalou;46500;LE BASTIT;1.63951;44.70999;;Validée;75100
27/09/2026;27/09/2026;RIGALOU LE BASTIT DEPART 2;RIGALOU LE BASTIT;1146147;ARCHERS DU CAUSSE DE GRAMAT;CR11;460;Tir Nature;individuel;2026;isabelle.barat@laposte.net;;terrain;Route rigalou;46500;LE BASTIT;1.63951;44.70999;;Validée;75099
27/09/2026;27/09/2026;AIX EN PROVENCE TIR DE LA RENTRÉE;AIX EN PROVENCE;1313092;1ERE CIE DE TIR A L'ARC D'AIX EN PROVENCE;CR13;130;Para-tir à l'arc en extérieur;individuel;2026;aix1ciearc@gmail.com;http://www.aix-premiereciearc.com;"1ERE CIE DE TIR A L&apos;ARC D&apos;AIX EN PROVENCE";"785  Chemin chemin d&apos;Antonelle";13090;AIX EN PROVENCE;5.40887;43.57105;;Validée;75650
27/09/2026;27/09/2026;AIX EN PROVENCE TIR DE LA RENTRÉE;AIX EN PROVENCE;1313092;1ERE CIE DE TIR A L'ARC D'AIX EN PROVENCE;CR13;130;Tir à l'Arc Extérieur;individuel;2026;aix1ciearc@gmail.com;http://www.aix-premiereciearc.com;"1ERE CIE DE TIR A L&apos;ARC D&apos;AIX EN PROVENCE";"785  Chemin chemin d&apos;Antonelle";13090;AIX EN PROVENCE;5.40887;43.57105;;Validée;75649
27/09/2026;27/09/2026;TIR 3D DES ARCHERS DU VERDLAI;GARDANNE;1313071;PEYNIER - LES ARCHERS DU VERDALAI;CR13;130;Tir 3D;individuel;2026;archers.peynier@gmail.com;https://www.archersduverdalai.fr/;Parcours nature;Chemin De saint baudille;13120;GARDANNE;5.48631;43.43768;https://extranet.ffta.fr/medias/documents_epreuves/1104dc43733dae.pdf;Validée;75020
27/10/2026;29/10/2026;"TIR D&apos;HALLOWEEN";CROTTET;0101284;LES ARCHERS CROTTET 01;CR01;010;Loisirs Débutant et confirmé;individuel;2027;jeanmarc.grelet49@gmail.com;rue villa croteldi;salle des fêtes;Rue rue villa croteldi;01290;CROTTET;4.89275;46.27798;;Validée;78253
27/11/2026;27/11/2026;TIR A 18 M;RENNES;0335067;COMPAGNIE D'ARCHERS DE RENNES;CR03;350;Tir à 18m;individuel;2027;contact@archersderennes.com;http://www.archersderennes.com;"SALLE DE TIR A L&apos;ARC";8 Avenue des Gayeulles;35700;RENNES;-1.65057;48.13322;;Validée;78781
27/11/2026;27/11/2026;TIR A 18 M;RENNES;0335067;COMPAGNIE D'ARCHERS DE RENNES;CR03;350;Para-tir à l'arc à 18m;individuel;2027;;;;;;;;;;Validée;78782
27/11/2026;27/11/2026;CHALLENGE INTERNE;SAINT ANDRÉ;3597007;LES ARCHERS DU COLOSSE;CR35;974;Loisirs Débutant et confirmé;individuel;2027;jb97412@yahoo.com;http://www.archersducolosse.org;gymnase jean perrin;727 Avenue La République;97440;ST ANDRE;55.65223;-20.96152;;Validée;77993
28/08/2026;30/08/2026;CHAMPIONNAT DE RONDE DU VERMANDOIS;NAUROY;0702013;TIR A L'ARC NAUROY;CR07;020;Tir Beursault;individuel;2026;jlm79@wanadoo.fr;;"Tir à l&apos;arc";"Rue rue du tir à l&apos;arc";02420;NAUROY;;;;Validée;76084
28/08/2026;30/08/2026;"BEURSAULT DANS UN JARDIN D&apos;ARC";ARDIN;1079182;LES ARCHERS DE L'AUTIZE;CR10;790;Tir Beursault;individuel;2026;lesarchersdelautize@gmail.com;http://www.lesarchersdelautize.com;"Jardin d&apos;arc";Rue Armand Barlet;79160;ARDIN;-0.54974;46.47626;https://extranet.ffta.fr/medias/documents_epreuves/1105a583511823.pdf;Validée;76208
28/10/2026;28/10/2026;CONCOURS SALLE;BOÉ;1047144;ARCHERS DE BOE;CR10;470;Tir à 18m;individuel;2027;jean.marie.tovo@gmail.com;78 Av. François Mitterrand;LES ARCHERS DE BOE;78 Avenue FRANÇOIS MITTERRAND;47550;BOE;0.65619;44.17176;;Validée;78250
29/08/2026;30/08/2026;CIRCUIT DES 5 NATIONS;ESCH SUR ALZETTE - LUXEMBOURG;0;Fédération Française de Tir à l'Arc;;;Tir en Campagne;individuel;2026;ffta@ffta.fr;https://www.ffta.fr;;;;;;;;Validée;77112
29/08/2026;29/08/2026;TIR A  18 M;RENNES;0335067;COMPAGNIE D'ARCHERS DE RENNES;CR03;350;Para-tir à l'arc à 18m;individuel;2026;;;;;;;;;;Validée;79804
29/08/2026;29/08/2026;TIR A  18 M;RENNES;0335067;COMPAGNIE D'ARCHERS DE RENNES;CR03;350;Tir à 18m;individuel;2026;contact@archersderennes.com;http://www.archersderennes.com;"SALLE DE TIR A L&apos;ARC";8 Avenue des Gayeulles;35700;RENNES;-1.6506;48.13322;;Reportée;78792
29/08/2026;29/08/2026;TIR A  18 M;RENNES;0335067;COMPAGNIE D'ARCHERS DE RENNES;CR03;350;Para-tir à l'arc à 18m;individuel;2026;;;;;;;;;;Reportée;78793
29/08/2026;30/08/2026;BOUQUET BEURSAULT CHATEAUROUX;CHATEAUROUX;0436059;CHATEAUROUX 1ERE CIE;CR04;360;Tir Beursault;individuel;2026;archers.chateauroux@gmail.com;http://club.sportsregions.fr/1e_cie_chateauroux/;"Jeu d&apos;Arc de l&apos;Espace Tir a l&apos;Arc";4 Rue de la Margotiere;36000;CHATEAUROUX;1.70726;46.78714;;Validée;75916
29/08/2026;30/08/2026;TIR A LA GRENOUILLE;ESSOMES SUR MARNE;0702019;COMPAGNIE D’ARC CHEZY SUR MARNE;CR07;020;Loisirs Débutant et confirmé;individuel;2026;jean-pierre.berjot@wanadoo.fr;https://arcchezy02.sportsregions.fr/;Jeu d arc d essomes.;Rue Rue du jeu d arc;02400;ESSOMES SUR MARNE;3.40456;49.01624;;Validée;75877
29/08/2026;30/08/2026;"CHAMPIONNAT DE RONDE VALEE DE L&apos;OISE";LE PLESSIS BRION;0760219;CIE D'ARC DU PLESSIS BRION;CR07;600;Tir Beursault;individuel;2026;jeanluc.francois60@gmail.com;http://cartecouleur.e-monsite.com;"CIE D&apos;ARC DU PLESSIS BRION";"Rue du Jeu d&apos;Arc";60150;LE PLESSIS BRION;2.88055;49.47611;;Validée;76639
29/08/2026;30/08/2026;LA BRIARDE;CHAMPS SUR MARNE;0877044;CIE D'ARC CHAMPS SUR MARNE;CR08;770;Tir Beursault;individuel;2026;compagniearcchamps@gmail.com;http://club.sportsregions.fr/arc-champsmarne;"Compagnie d&apos;arc de Champs sur Marne";24 Avenue Victor Hugo;77420;CHAMPS SUR MARNE;2.60395;48.85066;https://extranet.ffta.fr/medias/documents_epreuves/11040504c39c80.pdf;Validée;76010
29/08/2026;30/08/2026;BEURSAULT;TREMBLAY EN FRANCE;0893221;ARCHERS DU VERT GALANT;CR08;930;Tir Beursault;individuel;2026;lesarchersduvertgalant@gmail.com;http://archersduvertgalant-tremblay.com;"Cie d&apos;arc de Tremblay";68 Avenue Diderot;93290;TREMBLAY EN FRANCE;2.57451;48.95559;;Validée;76896
29/08/2026;30/08/2026;CONCOURS BEURSAULT DE MORSANG;MORSANG SUR ORGE;0891152;CIE DE MORSANG S/ORGE;CR08;910;Tir Beursault;individuel;2026;lachopardiere@gmail.com;http://club.sportsregions.fr/archersmorsang;"Jeu d&apos;arc de Morsang sur Orge";39 Route du bois pommier;91390;MORSANG SUR ORGE;2.34495;48.65671;https://extranet.ffta.fr/medias/documents_epreuves/11065472febc5.pdf;Validée;76445
29/08/2026;29/08/2026;"JOURNÉE D&apos;OUVERTURE";MARMANDE;1047147;ARCHERS CLUB MARMANDAIS;CR10;470;Loisirs Débutant et confirmé;individuel;2026;acm47@free.fr;http://acm47.clubeo.com/;Terrain TAE Marmande;Rue RUE CHARLES GOUNOD;47200;MARMANDE;0.19769;44.50231;;Validée;75309
29/10/2026;31/03/2027;ANIMATIONS ADHÉRENTS;CAEN;0914003;ARCHERS DE CAEN;CR09;140;Loisirs Débutant et confirmé;individuel;2027;elisabeth.rousselet@wanadoo.fr;http://www.archers-caen.fr/;Gymnase Albert 1er;27 Avenue Albert 1er;14000;ETERVILLE;-0.34785;49.17026;;Validée;78165
30/08/2026;30/08/2026;FORUM ASSOCIATION;SAINT JEAN SUR VEYLE;0101284;LES ARCHERS CROTTET 01;CR01;010;Loisirs Débutant et confirmé;individuel;2026;lesarchers01crottet@gmail.com;;escale;"Chemin de  l&apos;escale";01290;ST JEAN SUR VEYLE;4.91438;46.26336;;Validée;76103
30/08/2026;06/09/2026;PRIX GENERAL BEURSAULT 2026;VILLEMOMBLE;0893234;2EME CIE D'ARC MONTREUIL;CR08;930;Tir à l'Arc Extérieur;individuel;2026;eole.alain.boutry@gmail.com;;"compagnie d&apos;arc";40 Rue Lucien Berneux;93;VILLEMOMBLE;;;;Épreuve Annulée avant publication;79504
30/10/2026;01/11/2026;IWS - SWISS OPEN;SUISSE;0;Fédération Française de Tir à l'Arc;;;Tir à 18m;individuel;2027;ffta@ffta.fr;https://www.ffta.fr;;;;;;;;Validée;79819
30/10/2026;30/10/2026;"TIR D&apos;HALLOWEEN";LYON;0169188;LES LIONS DU 8EME;CR01;690;Loisirs Débutant et confirmé;individuel;2027;contact@leslionsdu8.fr;http://www.leslionsdu8.fr;GYMNASE NELSON PAILLOU;23 Avenue francis de pressensé;69008;LYON 08;4.86045;45.72978;;Validée;77542
30/10/2026;30/10/2026;TIR A 18 M;RENNES;0335067;COMPAGNIE D'ARCHERS DE RENNES;CR03;350;Tir à 18m;individuel;2027;contact@archersderennes.com;http://www.archersderennes.com;"SALLE DE TIR A L&apos;ARC";8 Avenue des Gayeulles;35700;RENNES;-1.6506;48.13322;;Validée;78772
30/10/2026;30/10/2026;TIR A 18 M;RENNES;0335067;COMPAGNIE D'ARCHERS DE RENNES;CR03;350;Para-tir à l'arc à 18m;individuel;2027;;;;;;;;;;Validée;78773
30/10/2026;01/11/2026;MULTIDÉPARTS;SAINT-AVERTIN;0437083;ST AVERTIN CASAS;CR04;370;Tir à 18m;individuel;2027;concours@arcavertin.fr;http://arcavertin.fr;Espace Gaëtan Robin;Allée du chesne;37550;ST AVERTIN;0.74535;47.34697;;Validée;79082
30/10/2026;01/11/2026;MULTIDÉPARTS;SAINT-AVERTIN;0437083;ST AVERTIN CASAS;CR04;370;Para-tir à l'arc à 18m;individuel;2027;;;;;;;;;;Validée;79083
30/10/2026;01/11/2026;TIR À 18 M PITHIVIERS;PITHIVIERS;0445113;LES CHARDONS;CR04;450;Tir à 18m;individuel;2027;olivier.drouillaux@gmail.com;;Gymnase Pasteur;Boulevard Pasteur;45300;PITHIVIERS;2.2472;48.16983;;Validée;79248
30/10/2026;01/11/2026;TIR À 18 M PITHIVIERS;PITHIVIERS;0445113;LES CHARDONS;CR04;450;Para-tir à l'arc à 18m;individuel;2027;;;;;;;;;;Validée;79249
30/10/2026;30/10/2026;CONCOUR ASAM;CHERBOURG EN COTENTIN;0950057;A.S.A.M. TIR A L'ARC CHERBOURG-OCTEVILLE;CR09;500;Tir à 18m;individuel;2027;asamtiralarc@free.fr;http://asamtiralarc.clubeo.com;"Salle de l&apos; ASAM";Rue des trois hangars;50100;CHERBOURG OCTEVILLE;;;;Validée;78914
30/10/2026;30/10/2026;ATELIER MATÉRIEL;VILLENEUVE;1047154;LES ARCHERS DES DEUX RIVES;CR10;470;Loisirs Débutant;individuel;2027;president.lesarchersdes2rives@gmail.com;http://lesarchersdes2rives.fr/;complexe sportif la myre mory;Avenue Agen;47300;VILLENEUVE SUR LOT;0.71354;44.39098;;Validée;78622
30/10/2026;30/10/2026;CHALLENGE INTERNE;SAINT ANDRÉ;3597007;LES ARCHERS DU COLOSSE;CR35;974;Loisirs Débutant et confirmé;individuel;2027;jb97412@yahoo.com;http://www.archersducolosse.org;gymnase jean perrin;727 Avenue de la république;97440;ST ANDRE;55.65223;-20.96152;;Validée;77992
31/10/2026;01/11/2026;MONT BLANC OPEN 2026;SALLANCHES;0174272;LES ARCHERS DE LA SALLANCHE;CR01;740;Loisirs Confirmé;individuel;2027;archersdelasallanche@outlook.fr;http://archersdelasallanche.fr;centre sportif de levaud;135 Chemin  DU REVEREND JACQUIER;74700;SALLANCHES;6.62484;45.93505;;Validée;78702
31/10/2026;01/11/2026;SALLE 26AUREC;AUREC;0143150;LES ARCHERS DES BORDS DE LOIRE;CR01;430;Tir à 18m;individuel;2027;ferretpierre43@gmail.com;http://club.sportsregions.fr/arc43;GYMNASE ECHANNEAUX;IMPASSE Chemin IMPASSE DU STADE;43110;AUREC SUR LOIRE;4.2068;45.37003;;Validée;79183
31/10/2026;01/11/2026;SALLE MONETEAU 2026-2027;MONETEAU;0289098;SECTION TIR A L'ARC DE L.U.S.C.M;CR02;890;Tir à 18m;individuel;2027;uscmtiralarc@orange.fr;https://archers-moneteau.weebly.com;GYMNASE MUNICIPAL;"7 Rue D&apos;AUXERRE";89470;MONETEAU;47.84878;3.57974;;Validée;77970
31/10/2026;31/10/2026;SPECIAL JEUNES DEBUTANTS HALLOWEEN À DOLE;DOLE;0239050;SOCIETE DE L'ARC DE DOLE;CR02;390;Loisirs Débutant;individuel;2027;societearcdole@gmail.com;https://www.societe-arc-dole.com/;Gymnase des Templiers;33 Rue des Templiers;39100;DOLE;5.49692;47.08614;;Validée;78350
31/10/2026;01/11/2026;TIR À 18M À DOLE;DOLE;0239050;SOCIETE DE L'ARC DE DOLE;CR02;390;Tir à 18m;individuel;2027;societearcdole@gmail.com;https://www.societe-arc-dole.com/;Gymnase des Templiers;33 Rue des Templiers;39100;DOLE;5.49692;47.08614;;Validée;78352
31/10/2026;01/11/2026;18 METRES AURAY;AURAY;0356121;CIE DES ARCHERS DU RAIL D AURAY;CR03;560;Tir à 18m;individuel;2027;florencemarteau@yahoo.fr;https://www.archersdauray.fr;"salle sports d&apos;adresse";Rue ker bourus;56400;AURAY;-2.98544;47.67142;;Validée;79790
31/10/2026;01/11/2026;TIR A 18 METRES;LAILLÉ;0335084;LES ARCHERS DE LAILLE;CR03;350;Tir à 18m;individuel;2027;bdemelin@free.fr;http://www.lesarchersdelaille.com/;Salle omnisports de la Buterne;Rue de la Buterne;35890;LAILLE;-1.71503;47.9826;;Validée;77506
31/10/2026;01/11/2026;TIR A 18 METRES;LAILLÉ;0335084;LES ARCHERS DE LAILLE;CR03;350;Para-tir à l'arc à 18m;individuel;2027;;;;;;;;;;Validée;77507
31/10/2026;01/11/2026;TIR À 18M LANDÉDA 2026;LANDEDA;0329124;ARCS EN WRAC'H - ARCHERS DU PAYS DES ABERS;CR03;290;Tir à 18m;individuel;2027;arcsenwrach@gmail.com;;Salle Guénioc;Rue streat-kichen;29870;LANDEDA;-4.57173;48.58578;;Validée;77537
31/10/2026;31/10/2026;FITA SALLE SELLES SUR CHER;SELLES SUR CHER;0441094;LES ARCHERS SELLOIS;CR04;410;Tir à 18m;individuel;2027;picard.lionel.lp@gmail.com;https://les-archers-sellois.jimdo.com/;Gymnase 1;Rue des pressigny;41130;SELLES SUR CHER;1.54401;47.2771;;Validée;78107
31/10/2026;31/10/2026;FITA SALLE SELLES SUR CHER;SELLES SUR CHER;0441094;LES ARCHERS SELLOIS;CR04;410;Para-tir à l'arc à 18m;individuel;2027;;;;;;;;;;Validée;78108
31/10/2026;01/11/2026;SALLE 2 X 18 M;DREUX;0428033;CLUB ARCHERS DROUAIS;CR04;280;Tir à 18m;individuel;2027;president@lesarchersdrouais.fr;https://lesarchersdrouais.fr;ESPACE PAUL BERT;Rue jean Grosdemouge;28100;DREUX;1.34774;48.75279;;Validée;78191
31/10/2026;01/11/2026;SALLE 2 X 18 M;DREUX;0428033;CLUB ARCHERS DROUAIS;CR04;280;Para-tir à l'arc à 18m;individuel;2027;;;;;;;;;;Validée;78192
31/10/2026;01/11/2026;TOURNOI SELECTIF DE LA VILLE DE HETTANGE GRANDE;HETTANGE GRANDE;0657125;LES ATHABASCANS;CR06;570;Tir à 18m;individuel;2027;president.lesathabascans@gmail.com;;HALL OMNISPORT;Rue DE PEDEROBBA;57330;HETTANGE GRANDE;6.1615;49.40237;;Validée;78181
31/10/2026;01/11/2026;TOURNOI SELECTIF DE LA VILLE DE HETTANGE GRANDE;HETTANGE GRANDE;0657125;LES ATHABASCANS;CR06;570;Tir à 18m;individuel;2027;president.lesathabascans@gmail.com;;HALL OMNISPORT;Rue DE PEDEROBBA;57330;HETTANGE GRANDE;6.1615;49.40237;;Validée;79156
31/10/2026;01/11/2026;CONCOURS NOVEMBRE 3 DÉPARTS;OBERNAI;0667147;LES ARCHERS DE LA HAUTE EHN;CR06;670;Tir à 18m;individuel;2027;president@ahe-obernai.fr;https://www.ahe-obernai.fr;Halle Bugeaud;Avenue De Gail;67210;OBERNAI;7.49132;48.46169;;Validée;77281
31/10/2026;01/11/2026;CONCOURS NOVEMBRE 3 DÉPARTS;OBERNAI;0667147;LES ARCHERS DE LA HAUTE EHN;CR06;670;Para-tir à l'arc à 18m;individuel;2027;;;;;;;;;;Validée;77282
31/10/2026;01/11/2026;TOURNOI SELECTIF DE LA VILLE DE HETTANGE GRANDE;HETTANGE GRANDE;0657125;LES ATHABASCANS;CR06;570;Tir à 18m;individuel;2027;president.lesathabascans@gmail.com;;HALL OMNISPORT;Rue DE PEDEROBBA;57330;HETTANGE GRANDE;6.1615;49.40237;;Validée;77354
31/10/2026;01/11/2026;"CHALLENGE D&apos;AUTOMNE";SEICHAMPS;0654083;CIE D'ARC DE SEICHAMPS;CR06;540;Tir à 18m;individuel;2027;rode54425@gmail.com;https://arcseichamps.sportsregions.fr;Salle Martinchamps;Rue du Tourmalet;54280;SEICHAMPS;6.27167;48.71296;;Validée;77432
31/10/2026;01/11/2026;"CHALLENGE D&apos;AUTOMNE";SEICHAMPS;0654083;CIE D'ARC DE SEICHAMPS;CR06;540;Para-tir à l'arc à 18m;individuel;2027;;;;;;;;;;Validée;77433
31/10/2026;01/11/2026;CONCOURS SALLE;CHALONS EN CHAMPAGNE;0651051;1ERE COMPAGNIE D ARC DE CHALONS EN CHAMP;CR06;510;Tir à 18m;individuel;2027;denis.leclerc3@orange.fr;http://www.arc-chalons.fr/;Gymnase E. BRANLY;Rue Edouard BRANLY;51000;CHALONS EN CHAMPAGNE;4.35996;48.96949;;Validée;77462
31/10/2026;01/11/2026;TIR EN SALLE LUSIGNY;LUSIGNY-SUR-BARSE;0610011;ARCHERS VAL DE BARSE;CR06;100;Tir à 18m;individuel;2027;contact@carougeat-aurelien.fr;https://www.archers-val-de-barse.fr/;COSEC Jean-Pierre Choisel;18 Rue de la Jonchère;10270;LUSIGNY SUR BARSE;4.25488;48.25879;https://extranet.ffta.fr/medias/documents_epreuves/10f5e175eee71c.pdf;Validée;77763
31/10/2026;01/11/2026;TIR EN SALLE LUSIGNY;LUSIGNY-SUR-BARSE;0610011;ARCHERS VAL DE BARSE;CR06;100;Para-tir à l'arc à 18m;individuel;2027;;;;;;;;;https://extranet.ffta.fr/medias/documents_epreuves/10f5e172879adc.pdf;Validée;77764
31/10/2026;31/10/2026;DAME ALINE FETE HALLOWEEN;SALLE NOGENT L’ARTAUD;0702351;LES ARCHERS DE DAME ALINE;CR07;020;Loisirs Débutant et confirmé;individuel;2027;archers.damealine@gmail.com;https://les-archers-de-dame-aline.sportsregions.fr;Salle 18M;Grande rue 26;02310;NOGENT L ARTAUD;3.32177;48.96673;;Validée;77647
31/10/2026;01/11/2026;TIR À 18M;FRESNES-SUR-ESCAUT;0759339;LES ARCHERS DE VIEUX-CONDÉ;CR07;590;Tir à 18m;individuel;2027;lesarchersdevieuxconde@gmail.com;;Complexe Sportif Bonnepart;409 Rue Edgard Loubry;59970;FRESNES SUR ESCAUT;3.57557;50.43615;;Validée;78325
31/10/2026;01/11/2026;CONCOURS HIVERNAL;ERONDELLE À AMIENS;0780311;LES ARCHERS DU ROSEAU - ERONDELLE;CR07;800;Tir à 18m;individuel;2027;cartonpat80@yahoo.fr;http://lesarchersduroseau-erondelle.e-monsite.com/;Gymnase Jean Renaux;Rue Utrillo;80000;AMIENS;2.2998772;49.9170255;;Validée;79303
31/10/2026;01/11/2026;2X18M TARGET VINCENNES;CHENNEVIÈRES;0894264;1ER CIE ARC VINCENNES;CR08;940;Tir à 18m;individuel;2027;capitaine@1ciedarcdevincennes.fr;http://www.1ciedarcdevincennes.fr/;CTS Arc 94 Chennevières;1 Avenue Champlain;94430;CHENNEVIERES SUR MARNE;2.55921;48.7976;;Validée;77893
31/10/2026;01/11/2026;2X18M TARGET VINCENNES;CHENNEVIÈRES;0894264;1ER CIE ARC VINCENNES;CR08;940;Para-tir à l'arc à 18m;individuel;2027;;;;;;;;;;Validée;77894
31/10/2026;01/11/2026;TIR À 18M;VILLEPREUX;0878134;CIE D'ARC DE VILLEPREUX;CR08;780;Tir à 18m;individuel;2027;contact@archersvillepreux.fr;http://www.archersvillepreux.fr;gymnase Alain Mimoun;Avenue du général de Gaulle;78450;VILLEPREUX;2.00096;48.83056;;Validée;78420
31/10/2026;01/11/2026;CONCOURS SALLE 2 X 18M;AMFREVILLE LA MI VOIE;0976111;ARCHERS DU JONQUAY PLATEAU EST;CR09;760;Tir à 18m;individuel;2027;chantal.aumersier@laposte.net;http://club.sportsregions.fr/archers_jonquay;Salle Robert Talbot;1 Quai Lescure;76920;AMFREVILLE LA MI VOIE;1.12024;49.41058;;Validée;78581
31/10/2026;01/11/2026;"TIR A L&apos;ARC 18 METRES OUVERT PARA";CESTAS;1033091;S.A.G.C. SECTION TIR A L'ARC;CR10;330;Para-tir à l'arc à 18m;individuel;2027;lacoste.g.me@gmail.com;https://www.archersdecestas33.com;SAGC Omnisports;Chemin de Canéjan;33610;CESTAS;-0.63861;44.74701;;Validée;77628
31/10/2026;31/10/2026;TIR INTÉGRATION + HALLOWEEN;ST MEME LES CARRIERES;1016007;1ERE CIE D'ARCHERS DE COGNAC;CR10;160;Loisirs Débutant et confirmé;individuel;2027;president@archers-cognac.com;http://www.archers-cognac.com;salle des sports;Impasse des jardins;16720;ST MEME LES CARRIERES;-0.14335;45.64495;;Validée;77734
31/10/2026;01/11/2026;SELECTIF SALLE TIR A 18 METRES;PERPIGNAN;1166191;LES ARCHERS CATALANS - PERPIGNAN;CR11;660;Tir à 18m;individuel;2027;guy.ledrappier@orange.fr;;"salle de tir à l&apos;arc";Avenue du parc des expositions;66000;PERPIGNAN;2.90535;42.70929;;Validée;77147
31/10/2026;01/11/2026;SELECTIF SALLE TIR A 18 METRES;PERPIGNAN;1166191;LES ARCHERS CATALANS - PERPIGNAN;CR11;660;Para-tir à l'arc à 18m;individuel;2027;;;;;;;;;;Validée;78139
31/10/2026;31/10/2026;"TIR À L&apos;ARC AU FEMININ - MONTPELLIER";MONTPELLIER;1134139;MONTPELLIER ARC CLUB;CR11;340;Loisirs Confirmé;individuel;2027;steph.petroff.mac@gmail.com;http://www.montpellier-arc-club.com;Gymnase Françoise Spinosi;Rue Pierre Gilles de Gennes;34000;MONTPELLIER;3.91814;43.59858;;Validée;78586
31/10/2026;31/10/2026;CONCOURS 100% FEMININ;AUCH;1132113;L'ARC AUSCITAIN;CR11;320;Tir à 18m;individuel;2027;arc.auscitain@gmail.com;http://arc-auscitain.fr;salle du Gymnase Carnot;4 Rue Viala;32000;AUCH;0.58881;43.64879;;Validée;78665
31/10/2026;01/11/2026;TIR À 18M HANDIMUT ALBI;BOULODROME JEAN IMBERT - ALBI;1181201;HANDIMUT SPORTS ALBI;CR11;810;Tir à 18m;individuel;2027;handimutalbi@gmail.com;https://handimutalbi.com;Boulodrome Jean Imbert;Rue Alfred Monestié;81000;ALBI;2.14313;43.93639;;Validée;79044
31/10/2026;01/11/2026;TIR À 18M HANDIMUT ALBI;BOULODROME JEAN IMBERT - ALBI;1181201;HANDIMUT SPORTS ALBI;CR11;810;Para-tir à l'arc à 18m;individuel;2027;;;;;;;;;;Validée;79045
31/10/2026;01/11/2026;TIR A 18 M;LAIGNE ST GERVAIS;1272091;CIE ARCHERS DU BELINOIS;CR12;720;Tir à 18m;individuel;2027;tiralarc@colsg.fr;https://www.colsg.fr/tir-a-l-arc/;COMPLEXE JEAN CLAVERIE;28 Rue DES FRERES BAILLEUL;72220;LAIGNE EN BELIN;;;;Validée;78111
31/10/2026;01/11/2026;TIR A 18 M;LAIGNE ST GERVAIS;1272091;CIE ARCHERS DU BELINOIS;CR12;720;Para-tir à l'arc à 18m;individuel;2027;;;;;;;;;;Validée;78112
31/10/2026;31/10/2026;TIR DES CITROUILLES - INTERNE;LE MANS;1272105;SOM TIR A L'ARC;CR12;720;Loisirs Débutant et confirmé;individuel;2027;emilie.thomas.lm@gmail.com;https://sites.google.com/view/lemanssomtiralarc;Parc de la Californie;Rue HENRI CHAMPION;72100;LE MANS;0.23286;47.98429;;Validée;78896
31/10/2026;01/11/2026;CONCOURS LES SABLES;"LES SABLES D&apos;OLONNE";1285132;LES ARCHERS SABLAIS;CR12;850;Tir à 18m;individuel;2027;archers.sablais@gmail.com;http://arc-sablais.sportsregions.fr/;GYMNASE DES SAUNIERS;8 Impasse DE LA SALLE DES SAUNIERS;85100;LES SABLES D OLONNE;-1.79934;46.50587;;Validée;79647
31/10/2026;31/10/2026;LOISIRS 2027;PONTCHATEAU;1244019;COMPAGNIE DES ARCHERS DU BRIVET;CR12;440;Loisirs Débutant;individuel;2027;greg.guibert44@free.fr;https://lesarchersdubrivet.jimdofree.com/;Gymnase du Landas;Route de st roch;44160;PONTCHATEAU;;;;Validée;77425
31/10/2026;31/10/2026;NOCTURNE 2027;PONTCHATEAU;1244019;COMPAGNIE DES ARCHERS DU BRIVET;CR12;440;Tir à 18m;individuel;2027;greg.guibert44@free.fr;https://lesarchersdubrivet.jimdofree.com/;Gymnase du Landas;Route de St-Roch;44160;PONTCHATEAU;;;;Validée;77426
31/10/2026;31/10/2026;NOCTURNE 2027;PONTCHATEAU;1244019;COMPAGNIE DES ARCHERS DU BRIVET;CR12;440;Para-tir à l'arc à 18m;individuel;2027;;;;;;;;;;Validée;77427
31/10/2026;31/10/2026;LOISIRS 2027;PONTCHATEAU;1244019;COMPAGNIE DES ARCHERS DU BRIVET;CR12;440;Loisirs Débutant;individuel;2027;greg.guibert44@free.fr;https://lesarchersdubrivet.jimdofree.com/;Gymnase du Landas;Route de St-Roch;44160;PONTCHATEAU;;;;Validée;77430
31/10/2026;01/11/2026;TIR 18M SALLE;MURS ERIGNE;1249058;LES ARCHERS DE L'AUBANCE;CR12;490;Tir à 18m;individuel;2027;peltiermichael3@gmail.com;https://archersaubance.wixsite.com/website;Salle des grands moulins;8 Rue Emile desmas;49610;MURS ERIGNE;-0.53612;47.39504;;Validée;77585
31/10/2026;31/10/2026;NATURE YELLOH VILLAGE;VEDENE;1384131;COMPAGNIE D'ARC DE VEDENE;CR13;840;Tir Nature;individuel;2027;cie.arc.vedene@gmail.com;http://www.ciearc-vedene.net;CAMPING YELLOH VILLAGE;"385 Route D&apos;ENTRAIGUES";84270;VEDENE;4.91335;43.99066;;Validée;77869
31/10/2026;01/11/2026;CONCOURS DE LA SAINT SIFFREIN;CARPENTRAS;1384147;ARCHERS ST SIFFREIN;CR13;840;Tir à 18m;individuel;2027;archerssaintsiffrein@yahoo.fr;http://www.archerssaintsiffrein.fr;GYMNASE DES CROISIERES;247 Rue FRANCOIS JOUVE;84200;CARPENTRAS;5.02987;44.0498;;Validée;79611
31/10/2026;01/11/2026;CONCOURS DE LA SAINT SIFFREIN;CARPENTRAS;1384147;ARCHERS ST SIFFREIN;CR13;840;Para-tir à l'arc à 18m;individuel;2027;;;;;;;;;;Validée;79612
